============================================================
  NSBEdit Build  --  28.06.2026  11:07:18,85
============================================================

[STEP 1/6] Prepare  --  version header  +  kill running instance
  ne_version.h  OK
  NSBEdit.exe not running
[STEP_DONE 1/6]

[STEP 2/6] Resources  --  windres  NSBEdit.rc  ->  NSBEdit.res
[STEP_DONE 2/6]

[STEP 3/6] SQLite3  --  sqlite3.c  ->  sqlite3.o
Using built-in specs.
COLLECT_GCC=gcc
Target: x86_64-w64-mingw32
Configured with: ../../../src/gcc-15.2.0/configure --host=x86_64-w64-mingw32 --build=x86_64-w64-mingw32 --target=x86_64-w64-mingw32 --prefix=/mingw64 --with-sysroot=/c/buildroot/x86_64-1520-mcf-seh-ucrt-rt_v13-rev0/mingw64 --enable-host-shared --disable-multilib --enable-languages=c,c++,fortran,lto --enable-libstdcxx-time=yes --enable-threads=mcf --enable-libgomp --enable-libatomic --enable-lto --enable-graphite --enable-checking=release --enable-mingw-wildcard --enable-fully-dynamic-string --enable-version-specific-runtime-libs --enable-libstdcxx-filesystem-ts=yes --disable-libssp --disable-libstdcxx-pch --disable-libstdcxx-debug --enable-bootstrap --disable-rpath --disable-win32-registry --disable-nls --disable-werror --disable-symvers --with-gnu-as --with-gnu-ld --with-arch=nocona --with-tune=core2 --with-libiconv --with-system-zlib --with-gmp=/c/buildroot/prerequisites/x86_64-w64-mingw32-static --with-mpfr=/c/buildroot/prerequisites/x86_64-w64-mingw32-static --with-mpc=/c/buildroot/prerequisites/x86_64-w64-mingw32-static --with-isl=/c/buildroot/prerequisites/x86_64-w64-mingw32-static --with-pkgversion='x86_64-mcf-seh-rev0, Built by MinGW-Builds project' --with-bugurl=https://github.com/niXman/mingw-builds LD_FOR_TARGET=/c/buildroot/x86_64-1520-mcf-seh-ucrt-rt_v13-rev0/mingw64/bin/ld.exe --with-boot-ldflags='-pipe -fno-ident -L/c/buildroot/x86_64-1520-mcf-seh-ucrt-rt_v13-rev0/mingw64/opt/lib -L/c/buildroot/prerequisites/x86_64-zlib-static/lib -L/c/buildroot/prerequisites/x86_64-w64-mingw32-static/lib  -Wl,--disable-dynamicbase -static-libstdc++ -static-libgcc'
Thread model: mcf
Supported LTO compression algorithms: zlib
gcc version 15.2.0 (x86_64-mcf-seh-rev0, Built by MinGW-Builds project) 
COLLECT_GCC_OPTIONS='-v' '-O2' '-D' 'SQLITE_THREADSAFE=0' '-D' 'SQLITE_DEFAULT_MEMSTATUS=0' '-c' '-o' 'sqlite3\sqlite3.o' '-mtune=core2' '-march=nocona' '-dumpdir' 'sqlite3\'
 C:/mingw64/bin/../libexec/gcc/x86_64-w64-mingw32/15.2.0/cc1.exe -quiet -v -iprefix C:/mingw64/bin/../lib/gcc/x86_64-w64-mingw32/15.2.0/ -U_REENTRANT -D SQLITE_THREADSAFE=0 -D SQLITE_DEFAULT_MEMSTATUS=0 sqlite3\sqlite3.c -quiet -dumpdir sqlite3\ -dumpbase sqlite3.c -dumpbase-ext .c -mtune=core2 -march=nocona -O2 -version -o C:\Users\NALLEB~1\AppData\Local\Temp\cczpgokN.s
GNU C23 (x86_64-mcf-seh-rev0, Built by MinGW-Builds project) version 15.2.0 (x86_64-w64-mingw32)
	compiled by GNU C version 15.2.0, GMP version 6.2.1, MPFR version 4.1.0, MPC version 1.2.1, isl version isl-0.27-GMP

GGC heuristics: --param ggc-min-expand=100 --param ggc-min-heapsize=131072
ignoring duplicate directory "C:/mingw64/lib/gcc/../../lib/gcc/x86_64-w64-mingw32/15.2.0/include"
ignoring nonexistent directory "C:/buildroot/x86_64-1520-mcf-seh-ucrt-rt_v13-rev0/mingw64D:/a/_temp/msys64/mingw64/lib/gcc/x86_64-w64-mingw32/15.2.0/../../../../include"
ignoring duplicate directory "C:/mingw64/lib/gcc/../../lib/gcc/x86_64-w64-mingw32/15.2.0/include-fixed"
ignoring duplicate directory "C:/mingw64/lib/gcc/../../lib/gcc/x86_64-w64-mingw32/15.2.0/../../../../x86_64-w64-mingw32/include"
ignoring nonexistent directory "C:/buildroot/x86_64-1520-mcf-seh-ucrt-rt_v13-rev0/mingw64/mingw/include"
#include "..." search starts here:
#include <...> search starts here:
 C:/mingw64/bin/../lib/gcc/x86_64-w64-mingw32/15.2.0/include
 C:/mingw64/bin/../lib/gcc/x86_64-w64-mingw32/15.2.0/include-fixed
 C:/mingw64/bin/../lib/gcc/x86_64-w64-mingw32/15.2.0/../../../../x86_64-w64-mingw32/include
End of search list.
Compiler executable checksum: cefa2ebeb692ed00af38e59eabc88438
COLLECT_GCC_OPTIONS='-v' '-O2' '-D' 'SQLITE_THREADSAFE=0' '-D' 'SQLITE_DEFAULT_MEMSTATUS=0' '-c' '-o' 'sqlite3\sqlite3.o' '-mtune=core2' '-march=nocona' '-dumpdir' 'sqlite3\'
 C:/mingw64/bin/../lib/gcc/x86_64-w64-mingw32/15.2.0/../../../../x86_64-w64-mingw32/bin/as.exe -v -o sqlite3\sqlite3.o C:\Users\NALLEB~1\AppData\Local\Temp\cczpgokN.s
GNU assembler version 2.45 (x86_64-w64-mingw32) using BFD version (GNU Binutils) 2.45
COMPILER_PATH=C:/mingw64/bin/../libexec/gcc/x86_64-w64-mingw32/15.2.0/;C:/mingw64/bin/../libexec/gcc/;C:/mingw64/bin/../lib/gcc/x86_64-w64-mingw32/15.2.0/../../../../x86_64-w64-mingw32/bin/
LIBRARY_PATH=C:/mingw64/bin/../lib/gcc/x86_64-w64-mingw32/15.2.0/;C:/mingw64/bin/../lib/gcc/;C:/mingw64/bin/../lib/gcc/x86_64-w64-mingw32/15.2.0/../../../../x86_64-w64-mingw32/lib/../lib/;C:/mingw64/bin/../lib/gcc/x86_64-w64-mingw32/15.2.0/../../../../lib/;C:/mingw64/bin/../lib/gcc/x86_64-w64-mingw32/15.2.0/../../../../x86_64-w64-mingw32/lib/;C:/mingw64/bin/../lib/gcc/x86_64-w64-mingw32/15.2.0/../../../
COLLECT_GCC_OPTIONS='-v' '-O2' '-D' 'SQLITE_THREADSAFE=0' '-D' 'SQLITE_DEFAULT_MEMSTATUS=0' '-c' '-o' 'sqlite3\sqlite3.o' '-mtune=core2' '-march=nocona' '-dumpdir' 'sqlite3\sqlite3.'
[STEP_DONE 3/6]

[STEP 4/6] QUIC stubs  --  quic_stubs.c  ->  quic_stubs.o
Using built-in specs.
COLLECT_GCC=gcc
Target: x86_64-w64-mingw32
Configured with: ../../../src/gcc-15.2.0/configure --host=x86_64-w64-mingw32 --build=x86_64-w64-mingw32 --target=x86_64-w64-mingw32 --prefix=/mingw64 --with-sysroot=/c/buildroot/x86_64-1520-mcf-seh-ucrt-rt_v13-rev0/mingw64 --enable-host-shared --disable-multilib --enable-languages=c,c++,fortran,lto --enable-libstdcxx-time=yes --enable-threads=mcf --enable-libgomp --enable-libatomic --enable-lto --enable-graphite --enable-checking=release --enable-mingw-wildcard --enable-fully-dynamic-string --enable-version-specific-runtime-libs --enable-libstdcxx-filesystem-ts=yes --disable-libssp --disable-libstdcxx-pch --disable-libstdcxx-debug --enable-bootstrap --disable-rpath --disable-win32-registry --disable-nls --disable-werror --disable-symvers --with-gnu-as --with-gnu-ld --with-arch=nocona --with-tune=core2 --with-libiconv --with-system-zlib --with-gmp=/c/buildroot/prerequisites/x86_64-w64-mingw32-static --with-mpfr=/c/buildroot/prerequisites/x86_64-w64-mingw32-static --with-mpc=/c/buildroot/prerequisites/x86_64-w64-mingw32-static --with-isl=/c/buildroot/prerequisites/x86_64-w64-mingw32-static --with-pkgversion='x86_64-mcf-seh-rev0, Built by MinGW-Builds project' --with-bugurl=https://github.com/niXman/mingw-builds LD_FOR_TARGET=/c/buildroot/x86_64-1520-mcf-seh-ucrt-rt_v13-rev0/mingw64/bin/ld.exe --with-boot-ldflags='-pipe -fno-ident -L/c/buildroot/x86_64-1520-mcf-seh-ucrt-rt_v13-rev0/mingw64/opt/lib -L/c/buildroot/prerequisites/x86_64-zlib-static/lib -L/c/buildroot/prerequisites/x86_64-w64-mingw32-static/lib  -Wl,--disable-dynamicbase -static-libstdc++ -static-libgcc'
Thread model: mcf
Supported LTO compression algorithms: zlib
gcc version 15.2.0 (x86_64-mcf-seh-rev0, Built by MinGW-Builds project) 
COLLECT_GCC_OPTIONS='-v' '-O2' '-c' '-o' 'curl\lib\quic_stubs.o' '-mtune=core2' '-march=nocona' '-dumpdir' 'curl\lib\'
 C:/mingw64/bin/../libexec/gcc/x86_64-w64-mingw32/15.2.0/cc1.exe -quiet -v -iprefix C:/mingw64/bin/../lib/gcc/x86_64-w64-mingw32/15.2.0/ -U_REENTRANT curl\lib\quic_stubs.c -quiet -dumpdir curl\lib\ -dumpbase quic_stubs.c -dumpbase-ext .c -mtune=core2 -march=nocona -O2 -version -o C:\Users\NALLEB~1\AppData\Local\Temp\ccC0NPhn.s
GNU C23 (x86_64-mcf-seh-rev0, Built by MinGW-Builds project) version 15.2.0 (x86_64-w64-mingw32)
	compiled by GNU C version 15.2.0, GMP version 6.2.1, MPFR version 4.1.0, MPC version 1.2.1, isl version isl-0.27-GMP

GGC heuristics: --param ggc-min-expand=100 --param ggc-min-heapsize=131072
ignoring duplicate directory "C:/mingw64/lib/gcc/../../lib/gcc/x86_64-w64-mingw32/15.2.0/include"
ignoring nonexistent directory "C:/buildroot/x86_64-1520-mcf-seh-ucrt-rt_v13-rev0/mingw64D:/a/_temp/msys64/mingw64/lib/gcc/x86_64-w64-mingw32/15.2.0/../../../../include"
ignoring duplicate directory "C:/mingw64/lib/gcc/../../lib/gcc/x86_64-w64-mingw32/15.2.0/include-fixed"
ignoring duplicate directory "C:/mingw64/lib/gcc/../../lib/gcc/x86_64-w64-mingw32/15.2.0/../../../../x86_64-w64-mingw32/include"
ignoring nonexistent directory "C:/buildroot/x86_64-1520-mcf-seh-ucrt-rt_v13-rev0/mingw64/mingw/include"
#include "..." search starts here:
#include <...> search starts here:
 C:/mingw64/bin/../lib/gcc/x86_64-w64-mingw32/15.2.0/include
 C:/mingw64/bin/../lib/gcc/x86_64-w64-mingw32/15.2.0/include-fixed
 C:/mingw64/bin/../lib/gcc/x86_64-w64-mingw32/15.2.0/../../../../x86_64-w64-mingw32/include
End of search list.
Compiler executable checksum: cefa2ebeb692ed00af38e59eabc88438
COLLECT_GCC_OPTIONS='-v' '-O2' '-c' '-o' 'curl\lib\quic_stubs.o' '-mtune=core2' '-march=nocona' '-dumpdir' 'curl\lib\'
 C:/mingw64/bin/../lib/gcc/x86_64-w64-mingw32/15.2.0/../../../../x86_64-w64-mingw32/bin/as.exe -v -o curl\lib\quic_stubs.o C:\Users\NALLEB~1\AppData\Local\Temp\ccC0NPhn.s
GNU assembler version 2.45 (x86_64-w64-mingw32) using BFD version (GNU Binutils) 2.45
COMPILER_PATH=C:/mingw64/bin/../libexec/gcc/x86_64-w64-mingw32/15.2.0/;C:/mingw64/bin/../libexec/gcc/;C:/mingw64/bin/../lib/gcc/x86_64-w64-mingw32/15.2.0/../../../../x86_64-w64-mingw32/bin/
LIBRARY_PATH=C:/mingw64/bin/../lib/gcc/x86_64-w64-mingw32/15.2.0/;C:/mingw64/bin/../lib/gcc/;C:/mingw64/bin/../lib/gcc/x86_64-w64-mingw32/15.2.0/../../../../x86_64-w64-mingw32/lib/../lib/;C:/mingw64/bin/../lib/gcc/x86_64-w64-mingw32/15.2.0/../../../../lib/;C:/mingw64/bin/../lib/gcc/x86_64-w64-mingw32/15.2.0/../../../../x86_64-w64-mingw32/lib/;C:/mingw64/bin/../lib/gcc/x86_64-w64-mingw32/15.2.0/../../../
COLLECT_GCC_OPTIONS='-v' '-O2' '-c' '-o' 'curl\lib\quic_stubs.o' '-mtune=core2' '-march=nocona' '-dumpdir' 'curl\lib\quic_stubs.'
[STEP_DONE 4/6]

[STEP 5/6] cmark-gfm  --  vendored C sources  ->  .o
Using built-in specs.
COLLECT_GCC=gcc
Target: x86_64-w64-mingw32
Configured with: ../../../src/gcc-15.2.0/configure --host=x86_64-w64-mingw32 --build=x86_64-w64-mingw32 --target=x86_64-w64-mingw32 --prefix=/mingw64 --with-sysroot=/c/buildroot/x86_64-1520-mcf-seh-ucrt-rt_v13-rev0/mingw64 --enable-host-shared --disable-multilib --enable-languages=c,c++,fortran,lto --enable-libstdcxx-time=yes --enable-threads=mcf --enable-libgomp --enable-libatomic --enable-lto --enable-graphite --enable-checking=release --enable-mingw-wildcard --enable-fully-dynamic-string --enable-version-specific-runtime-libs --enable-libstdcxx-filesystem-ts=yes --disable-libssp --disable-libstdcxx-pch --disable-libstdcxx-debug --enable-bootstrap --disable-rpath --disable-win32-registry --disable-nls --disable-werror --disable-symvers --with-gnu-as --with-gnu-ld --with-arch=nocona --with-tune=core2 --with-libiconv --with-system-zlib --with-gmp=/c/buildroot/prerequisites/x86_64-w64-mingw32-static --with-mpfr=/c/buildroot/prerequisites/x86_64-w64-mingw32-static --with-mpc=/c/buildroot/prerequisites/x86_64-w64-mingw32-static --with-isl=/c/buildroot/prerequisites/x86_64-w64-mingw32-static --with-pkgversion='x86_64-mcf-seh-rev0, Built by MinGW-Builds project' --with-bugurl=https://github.com/niXman/mingw-builds LD_FOR_TARGET=/c/buildroot/x86_64-1520-mcf-seh-ucrt-rt_v13-rev0/mingw64/bin/ld.exe --with-boot-ldflags='-pipe -fno-ident -L/c/buildroot/x86_64-1520-mcf-seh-ucrt-rt_v13-rev0/mingw64/opt/lib -L/c/buildroot/prerequisites/x86_64-zlib-static/lib -L/c/buildroot/prerequisites/x86_64-w64-mingw32-static/lib  -Wl,--disable-dynamicbase -static-libstdc++ -static-libgcc'
Thread model: mcf
Supported LTO compression algorithms: zlib
gcc version 15.2.0 (x86_64-mcf-seh-rev0, Built by MinGW-Builds project) 
COLLECT_GCC_OPTIONS='-v' '-O2' '-std=c99' '-I' 'third_party\cmark-gfm\src' '-c' '-o' 'third_party\cmark-gfm\src\arena.o' '-mtune=core2' '-march=nocona' '-dumpdir' 'third_party\cmark-gfm\src\'
 C:/mingw64/bin/../libexec/gcc/x86_64-w64-mingw32/15.2.0/cc1.exe -quiet -v -I third_party\cmark-gfm\src -iprefix C:/mingw64/bin/../lib/gcc/x86_64-w64-mingw32/15.2.0/ -U_REENTRANT third_party\cmark-gfm\src\arena.c -quiet -dumpdir third_party\cmark-gfm\src\ -dumpbase arena.c -dumpbase-ext .c -mtune=core2 -march=nocona -O2 -std=c99 -version -o C:\Users\NALLEB~1\AppData\Local\Temp\cceEmdEz.s
GNU C99 (x86_64-mcf-seh-rev0, Built by MinGW-Builds project) version 15.2.0 (x86_64-w64-mingw32)
	compiled by GNU C version 15.2.0, GMP version 6.2.1, MPFR version 4.1.0, MPC version 1.2.1, isl version isl-0.27-GMP

GGC heuristics: --param ggc-min-expand=100 --param ggc-min-heapsize=131072
ignoring duplicate directory "C:/mingw64/lib/gcc/../../lib/gcc/x86_64-w64-mingw32/15.2.0/include"
ignoring nonexistent directory "C:/buildroot/x86_64-1520-mcf-seh-ucrt-rt_v13-rev0/mingw64D:/a/_temp/msys64/mingw64/lib/gcc/x86_64-w64-mingw32/15.2.0/../../../../include"
ignoring duplicate directory "C:/mingw64/lib/gcc/../../lib/gcc/x86_64-w64-mingw32/15.2.0/include-fixed"
ignoring duplicate directory "C:/mingw64/lib/gcc/../../lib/gcc/x86_64-w64-mingw32/15.2.0/../../../../x86_64-w64-mingw32/include"
ignoring nonexistent directory "C:/buildroot/x86_64-1520-mcf-seh-ucrt-rt_v13-rev0/mingw64/mingw/include"
#include "..." search starts here:
#include <...> search starts here:
 third_party\cmark-gfm\src
 C:/mingw64/bin/../lib/gcc/x86_64-w64-mingw32/15.2.0/include
 C:/mingw64/bin/../lib/gcc/x86_64-w64-mingw32/15.2.0/include-fixed
 C:/mingw64/bin/../lib/gcc/x86_64-w64-mingw32/15.2.0/../../../../x86_64-w64-mingw32/include
End of search list.
Compiler executable checksum: cefa2ebeb692ed00af38e59eabc88438
COLLECT_GCC_OPTIONS='-v' '-O2' '-std=c99' '-I' 'third_party\cmark-gfm\src' '-c' '-o' 'third_party\cmark-gfm\src\arena.o' '-mtune=core2' '-march=nocona' '-dumpdir' 'third_party\cmark-gfm\src\'
 C:/mingw64/bin/../lib/gcc/x86_64-w64-mingw32/15.2.0/../../../../x86_64-w64-mingw32/bin/as.exe -v -I third_party\cmark-gfm\src -o third_party\cmark-gfm\src\arena.o C:\Users\NALLEB~1\AppData\Local\Temp\cceEmdEz.s
GNU assembler version 2.45 (x86_64-w64-mingw32) using BFD version (GNU Binutils) 2.45
COMPILER_PATH=C:/mingw64/bin/../libexec/gcc/x86_64-w64-mingw32/15.2.0/;C:/mingw64/bin/../libexec/gcc/;C:/mingw64/bin/../lib/gcc/x86_64-w64-mingw32/15.2.0/../../../../x86_64-w64-mingw32/bin/
LIBRARY_PATH=C:/mingw64/bin/../lib/gcc/x86_64-w64-mingw32/15.2.0/;C:/mingw64/bin/../lib/gcc/;C:/mingw64/bin/../lib/gcc/x86_64-w64-mingw32/15.2.0/../../../../x86_64-w64-mingw32/lib/../lib/;C:/mingw64/bin/../lib/gcc/x86_64-w64-mingw32/15.2.0/../../../../lib/;C:/mingw64/bin/../lib/gcc/x86_64-w64-mingw32/15.2.0/../../../../x86_64-w64-mingw32/lib/;C:/mingw64/bin/../lib/gcc/x86_64-w64-mingw32/15.2.0/../../../
COLLECT_GCC_OPTIONS='-v' '-O2' '-std=c99' '-I' 'third_party\cmark-gfm\src' '-c' '-o' 'third_party\cmark-gfm\src\arena.o' '-mtune=core2' '-march=nocona' '-dumpdir' 'third_party\cmark-gfm\src\arena.'
Using built-in specs.
COLLECT_GCC=gcc
Target: x86_64-w64-mingw32
Configured with: ../../../src/gcc-15.2.0/configure --host=x86_64-w64-mingw32 --build=x86_64-w64-mingw32 --target=x86_64-w64-mingw32 --prefix=/mingw64 --with-sysroot=/c/buildroot/x86_64-1520-mcf-seh-ucrt-rt_v13-rev0/mingw64 --enable-host-shared --disable-multilib --enable-languages=c,c++,fortran,lto --enable-libstdcxx-time=yes --enable-threads=mcf --enable-libgomp --enable-libatomic --enable-lto --enable-graphite --enable-checking=release --enable-mingw-wildcard --enable-fully-dynamic-string --enable-version-specific-runtime-libs --enable-libstdcxx-filesystem-ts=yes --disable-libssp --disable-libstdcxx-pch --disable-libstdcxx-debug --enable-bootstrap --disable-rpath --disable-win32-registry --disable-nls --disable-werror --disable-symvers --with-gnu-as --with-gnu-ld --with-arch=nocona --with-tune=core2 --with-libiconv --with-system-zlib --with-gmp=/c/buildroot/prerequisites/x86_64-w64-mingw32-static --with-mpfr=/c/buildroot/prerequisites/x86_64-w64-mingw32-static --with-mpc=/c/buildroot/prerequisites/x86_64-w64-mingw32-static --with-isl=/c/buildroot/prerequisites/x86_64-w64-mingw32-static --with-pkgversion='x86_64-mcf-seh-rev0, Built by MinGW-Builds project' --with-bugurl=https://github.com/niXman/mingw-builds LD_FOR_TARGET=/c/buildroot/x86_64-1520-mcf-seh-ucrt-rt_v13-rev0/mingw64/bin/ld.exe --with-boot-ldflags='-pipe -fno-ident -L/c/buildroot/x86_64-1520-mcf-seh-ucrt-rt_v13-rev0/mingw64/opt/lib -L/c/buildroot/prerequisites/x86_64-zlib-static/lib -L/c/buildroot/prerequisites/x86_64-w64-mingw32-static/lib  -Wl,--disable-dynamicbase -static-libstdc++ -static-libgcc'
Thread model: mcf
Supported LTO compression algorithms: zlib
gcc version 15.2.0 (x86_64-mcf-seh-rev0, Built by MinGW-Builds project) 
COLLECT_GCC_OPTIONS='-v' '-O2' '-std=c99' '-I' 'third_party\cmark-gfm\src' '-c' '-o' 'third_party\cmark-gfm\src\blocks.o' '-mtune=core2' '-march=nocona' '-dumpdir' 'third_party\cmark-gfm\src\'
 C:/mingw64/bin/../libexec/gcc/x86_64-w64-mingw32/15.2.0/cc1.exe -quiet -v -I third_party\cmark-gfm\src -iprefix C:/mingw64/bin/../lib/gcc/x86_64-w64-mingw32/15.2.0/ -U_REENTRANT third_party\cmark-gfm\src\blocks.c -quiet -dumpdir third_party\cmark-gfm\src\ -dumpbase blocks.c -dumpbase-ext .c -mtune=core2 -march=nocona -O2 -std=c99 -version -o C:\Users\NALLEB~1\AppData\Local\Temp\ccYPz6tI.s
GNU C99 (x86_64-mcf-seh-rev0, Built by MinGW-Builds project) version 15.2.0 (x86_64-w64-mingw32)
	compiled by GNU C version 15.2.0, GMP version 6.2.1, MPFR version 4.1.0, MPC version 1.2.1, isl version isl-0.27-GMP

GGC heuristics: --param ggc-min-expand=100 --param ggc-min-heapsize=131072
ignoring duplicate directory "C:/mingw64/lib/gcc/../../lib/gcc/x86_64-w64-mingw32/15.2.0/include"
ignoring nonexistent directory "C:/buildroot/x86_64-1520-mcf-seh-ucrt-rt_v13-rev0/mingw64D:/a/_temp/msys64/mingw64/lib/gcc/x86_64-w64-mingw32/15.2.0/../../../../include"
ignoring duplicate directory "C:/mingw64/lib/gcc/../../lib/gcc/x86_64-w64-mingw32/15.2.0/include-fixed"
ignoring duplicate directory "C:/mingw64/lib/gcc/../../lib/gcc/x86_64-w64-mingw32/15.2.0/../../../../x86_64-w64-mingw32/include"
ignoring nonexistent directory "C:/buildroot/x86_64-1520-mcf-seh-ucrt-rt_v13-rev0/mingw64/mingw/include"
#include "..." search starts here:
#include <...> search starts here:
 third_party\cmark-gfm\src
 C:/mingw64/bin/../lib/gcc/x86_64-w64-mingw32/15.2.0/include
 C:/mingw64/bin/../lib/gcc/x86_64-w64-mingw32/15.2.0/include-fixed
 C:/mingw64/bin/../lib/gcc/x86_64-w64-mingw32/15.2.0/../../../../x86_64-w64-mingw32/include
End of search list.
Compiler executable checksum: cefa2ebeb692ed00af38e59eabc88438
COLLECT_GCC_OPTIONS='-v' '-O2' '-std=c99' '-I' 'third_party\cmark-gfm\src' '-c' '-o' 'third_party\cmark-gfm\src\blocks.o' '-mtune=core2' '-march=nocona' '-dumpdir' 'third_party\cmark-gfm\src\'
 C:/mingw64/bin/../lib/gcc/x86_64-w64-mingw32/15.2.0/../../../../x86_64-w64-mingw32/bin/as.exe -v -I third_party\cmark-gfm\src -o third_party\cmark-gfm\src\blocks.o C:\Users\NALLEB~1\AppData\Local\Temp\ccYPz6tI.s
GNU assembler version 2.45 (x86_64-w64-mingw32) using BFD version (GNU Binutils) 2.45
COMPILER_PATH=C:/mingw64/bin/../libexec/gcc/x86_64-w64-mingw32/15.2.0/;C:/mingw64/bin/../libexec/gcc/;C:/mingw64/bin/../lib/gcc/x86_64-w64-mingw32/15.2.0/../../../../x86_64-w64-mingw32/bin/
LIBRARY_PATH=C:/mingw64/bin/../lib/gcc/x86_64-w64-mingw32/15.2.0/;C:/mingw64/bin/../lib/gcc/;C:/mingw64/bin/../lib/gcc/x86_64-w64-mingw32/15.2.0/../../../../x86_64-w64-mingw32/lib/../lib/;C:/mingw64/bin/../lib/gcc/x86_64-w64-mingw32/15.2.0/../../../../lib/;C:/mingw64/bin/../lib/gcc/x86_64-w64-mingw32/15.2.0/../../../../x86_64-w64-mingw32/lib/;C:/mingw64/bin/../lib/gcc/x86_64-w64-mingw32/15.2.0/../../../
COLLECT_GCC_OPTIONS='-v' '-O2' '-std=c99' '-I' 'third_party\cmark-gfm\src' '-c' '-o' 'third_party\cmark-gfm\src\blocks.o' '-mtune=core2' '-march=nocona' '-dumpdir' 'third_party\cmark-gfm\src\blocks.'
Using built-in specs.
COLLECT_GCC=gcc
Target: x86_64-w64-mingw32
Configured with: ../../../src/gcc-15.2.0/configure --host=x86_64-w64-mingw32 --build=x86_64-w64-mingw32 --target=x86_64-w64-mingw32 --prefix=/mingw64 --with-sysroot=/c/buildroot/x86_64-1520-mcf-seh-ucrt-rt_v13-rev0/mingw64 --enable-host-shared --disable-multilib --enable-languages=c,c++,fortran,lto --enable-libstdcxx-time=yes --enable-threads=mcf --enable-libgomp --enable-libatomic --enable-lto --enable-graphite --enable-checking=release --enable-mingw-wildcard --enable-fully-dynamic-string --enable-version-specific-runtime-libs --enable-libstdcxx-filesystem-ts=yes --disable-libssp --disable-libstdcxx-pch --disable-libstdcxx-debug --enable-bootstrap --disable-rpath --disable-win32-registry --disable-nls --disable-werror --disable-symvers --with-gnu-as --with-gnu-ld --with-arch=nocona --with-tune=core2 --with-libiconv --with-system-zlib --with-gmp=/c/buildroot/prerequisites/x86_64-w64-mingw32-static --with-mpfr=/c/buildroot/prerequisites/x86_64-w64-mingw32-static --with-mpc=/c/buildroot/prerequisites/x86_64-w64-mingw32-static --with-isl=/c/buildroot/prerequisites/x86_64-w64-mingw32-static --with-pkgversion='x86_64-mcf-seh-rev0, Built by MinGW-Builds project' --with-bugurl=https://github.com/niXman/mingw-builds LD_FOR_TARGET=/c/buildroot/x86_64-1520-mcf-seh-ucrt-rt_v13-rev0/mingw64/bin/ld.exe --with-boot-ldflags='-pipe -fno-ident -L/c/buildroot/x86_64-1520-mcf-seh-ucrt-rt_v13-rev0/mingw64/opt/lib -L/c/buildroot/prerequisites/x86_64-zlib-static/lib -L/c/buildroot/prerequisites/x86_64-w64-mingw32-static/lib  -Wl,--disable-dynamicbase -static-libstdc++ -static-libgcc'
Thread model: mcf
Supported LTO compression algorithms: zlib
gcc version 15.2.0 (x86_64-mcf-seh-rev0, Built by MinGW-Builds project) 
COLLECT_GCC_OPTIONS='-v' '-O2' '-std=c99' '-I' 'third_party\cmark-gfm\src' '-c' '-o' 'third_party\cmark-gfm\src\buffer.o' '-mtune=core2' '-march=nocona' '-dumpdir' 'third_party\cmark-gfm\src\'
 C:/mingw64/bin/../libexec/gcc/x86_64-w64-mingw32/15.2.0/cc1.exe -quiet -v -I third_party\cmark-gfm\src -iprefix C:/mingw64/bin/../lib/gcc/x86_64-w64-mingw32/15.2.0/ -U_REENTRANT third_party\cmark-gfm\src\buffer.c -quiet -dumpdir third_party\cmark-gfm\src\ -dumpbase buffer.c -dumpbase-ext .c -mtune=core2 -march=nocona -O2 -std=c99 -version -o C:\Users\NALLEB~1\AppData\Local\Temp\ccKYaVKb.s
GNU C99 (x86_64-mcf-seh-rev0, Built by MinGW-Builds project) version 15.2.0 (x86_64-w64-mingw32)
	compiled by GNU C version 15.2.0, GMP version 6.2.1, MPFR version 4.1.0, MPC version 1.2.1, isl version isl-0.27-GMP

GGC heuristics: --param ggc-min-expand=100 --param ggc-min-heapsize=131072
ignoring duplicate directory "C:/mingw64/lib/gcc/../../lib/gcc/x86_64-w64-mingw32/15.2.0/include"
ignoring nonexistent directory "C:/buildroot/x86_64-1520-mcf-seh-ucrt-rt_v13-rev0/mingw64D:/a/_temp/msys64/mingw64/lib/gcc/x86_64-w64-mingw32/15.2.0/../../../../include"
ignoring duplicate directory "C:/mingw64/lib/gcc/../../lib/gcc/x86_64-w64-mingw32/15.2.0/include-fixed"
ignoring duplicate directory "C:/mingw64/lib/gcc/../../lib/gcc/x86_64-w64-mingw32/15.2.0/../../../../x86_64-w64-mingw32/include"
ignoring nonexistent directory "C:/buildroot/x86_64-1520-mcf-seh-ucrt-rt_v13-rev0/mingw64/mingw/include"
#include "..." search starts here:
#include <...> search starts here:
 third_party\cmark-gfm\src
 C:/mingw64/bin/../lib/gcc/x86_64-w64-mingw32/15.2.0/include
 C:/mingw64/bin/../lib/gcc/x86_64-w64-mingw32/15.2.0/include-fixed
 C:/mingw64/bin/../lib/gcc/x86_64-w64-mingw32/15.2.0/../../../../x86_64-w64-mingw32/include
End of search list.
Compiler executable checksum: cefa2ebeb692ed00af38e59eabc88438
COLLECT_GCC_OPTIONS='-v' '-O2' '-std=c99' '-I' 'third_party\cmark-gfm\src' '-c' '-o' 'third_party\cmark-gfm\src\buffer.o' '-mtune=core2' '-march=nocona' '-dumpdir' 'third_party\cmark-gfm\src\'
 C:/mingw64/bin/../lib/gcc/x86_64-w64-mingw32/15.2.0/../../../../x86_64-w64-mingw32/bin/as.exe -v -I third_party\cmark-gfm\src -o third_party\cmark-gfm\src\buffer.o C:\Users\NALLEB~1\AppData\Local\Temp\ccKYaVKb.s
GNU assembler version 2.45 (x86_64-w64-mingw32) using BFD version (GNU Binutils) 2.45
COMPILER_PATH=C:/mingw64/bin/../libexec/gcc/x86_64-w64-mingw32/15.2.0/;C:/mingw64/bin/../libexec/gcc/;C:/mingw64/bin/../lib/gcc/x86_64-w64-mingw32/15.2.0/../../../../x86_64-w64-mingw32/bin/
LIBRARY_PATH=C:/mingw64/bin/../lib/gcc/x86_64-w64-mingw32/15.2.0/;C:/mingw64/bin/../lib/gcc/;C:/mingw64/bin/../lib/gcc/x86_64-w64-mingw32/15.2.0/../../../../x86_64-w64-mingw32/lib/../lib/;C:/mingw64/bin/../lib/gcc/x86_64-w64-mingw32/15.2.0/../../../../lib/;C:/mingw64/bin/../lib/gcc/x86_64-w64-mingw32/15.2.0/../../../../x86_64-w64-mingw32/lib/;C:/mingw64/bin/../lib/gcc/x86_64-w64-mingw32/15.2.0/../../../
COLLECT_GCC_OPTIONS='-v' '-O2' '-std=c99' '-I' 'third_party\cmark-gfm\src' '-c' '-o' 'third_party\cmark-gfm\src\buffer.o' '-mtune=core2' '-march=nocona' '-dumpdir' 'third_party\cmark-gfm\src\buffer.'
Using built-in specs.
COLLECT_GCC=gcc
Target: x86_64-w64-mingw32
Configured with: ../../../src/gcc-15.2.0/configure --host=x86_64-w64-mingw32 --build=x86_64-w64-mingw32 --target=x86_64-w64-mingw32 --prefix=/mingw64 --with-sysroot=/c/buildroot/x86_64-1520-mcf-seh-ucrt-rt_v13-rev0/mingw64 --enable-host-shared --disable-multilib --enable-languages=c,c++,fortran,lto --enable-libstdcxx-time=yes --enable-threads=mcf --enable-libgomp --enable-libatomic --enable-lto --enable-graphite --enable-checking=release --enable-mingw-wildcard --enable-fully-dynamic-string --enable-version-specific-runtime-libs --enable-libstdcxx-filesystem-ts=yes --disable-libssp --disable-libstdcxx-pch --disable-libstdcxx-debug --enable-bootstrap --disable-rpath --disable-win32-registry --disable-nls --disable-werror --disable-symvers --with-gnu-as --with-gnu-ld --with-arch=nocona --with-tune=core2 --with-libiconv --with-system-zlib --with-gmp=/c/buildroot/prerequisites/x86_64-w64-mingw32-static --with-mpfr=/c/buildroot/prerequisites/x86_64-w64-mingw32-static --with-mpc=/c/buildroot/prerequisites/x86_64-w64-mingw32-static --with-isl=/c/buildroot/prerequisites/x86_64-w64-mingw32-static --with-pkgversion='x86_64-mcf-seh-rev0, Built by MinGW-Builds project' --with-bugurl=https://github.com/niXman/mingw-builds LD_FOR_TARGET=/c/buildroot/x86_64-1520-mcf-seh-ucrt-rt_v13-rev0/mingw64/bin/ld.exe --with-boot-ldflags='-pipe -fno-ident -L/c/buildroot/x86_64-1520-mcf-seh-ucrt-rt_v13-rev0/mingw64/opt/lib -L/c/buildroot/prerequisites/x86_64-zlib-static/lib -L/c/buildroot/prerequisites/x86_64-w64-mingw32-static/lib  -Wl,--disable-dynamicbase -static-libstdc++ -static-libgcc'
Thread model: mcf
Supported LTO compression algorithms: zlib
gcc version 15.2.0 (x86_64-mcf-seh-rev0, Built by MinGW-Builds project) 
COLLECT_GCC_OPTIONS='-v' '-O2' '-std=c99' '-I' 'third_party\cmark-gfm\src' '-c' '-o' 'third_party\cmark-gfm\src\cmark.o' '-mtune=core2' '-march=nocona' '-dumpdir' 'third_party\cmark-gfm\src\'
 C:/mingw64/bin/../libexec/gcc/x86_64-w64-mingw32/15.2.0/cc1.exe -quiet -v -I third_party\cmark-gfm\src -iprefix C:/mingw64/bin/../lib/gcc/x86_64-w64-mingw32/15.2.0/ -U_REENTRANT third_party\cmark-gfm\src\cmark.c -quiet -dumpdir third_party\cmark-gfm\src\ -dumpbase cmark.c -dumpbase-ext .c -mtune=core2 -march=nocona -O2 -std=c99 -version -o C:\Users\NALLEB~1\AppData\Local\Temp\ccrOwl3h.s
GNU C99 (x86_64-mcf-seh-rev0, Built by MinGW-Builds project) version 15.2.0 (x86_64-w64-mingw32)
	compiled by GNU C version 15.2.0, GMP version 6.2.1, MPFR version 4.1.0, MPC version 1.2.1, isl version isl-0.27-GMP

GGC heuristics: --param ggc-min-expand=100 --param ggc-min-heapsize=131072
ignoring duplicate directory "C:/mingw64/lib/gcc/../../lib/gcc/x86_64-w64-mingw32/15.2.0/include"
ignoring nonexistent directory "C:/buildroot/x86_64-1520-mcf-seh-ucrt-rt_v13-rev0/mingw64D:/a/_temp/msys64/mingw64/lib/gcc/x86_64-w64-mingw32/15.2.0/../../../../include"
ignoring duplicate directory "C:/mingw64/lib/gcc/../../lib/gcc/x86_64-w64-mingw32/15.2.0/include-fixed"
ignoring duplicate directory "C:/mingw64/lib/gcc/../../lib/gcc/x86_64-w64-mingw32/15.2.0/../../../../x86_64-w64-mingw32/include"
ignoring nonexistent directory "C:/buildroot/x86_64-1520-mcf-seh-ucrt-rt_v13-rev0/mingw64/mingw/include"
#include "..." search starts here:
#include <...> search starts here:
 third_party\cmark-gfm\src
 C:/mingw64/bin/../lib/gcc/x86_64-w64-mingw32/15.2.0/include
 C:/mingw64/bin/../lib/gcc/x86_64-w64-mingw32/15.2.0/include-fixed
 C:/mingw64/bin/../lib/gcc/x86_64-w64-mingw32/15.2.0/../../../../x86_64-w64-mingw32/include
End of search list.
Compiler executable checksum: cefa2ebeb692ed00af38e59eabc88438
COLLECT_GCC_OPTIONS='-v' '-O2' '-std=c99' '-I' 'third_party\cmark-gfm\src' '-c' '-o' 'third_party\cmark-gfm\src\cmark.o' '-mtune=core2' '-march=nocona' '-dumpdir' 'third_party\cmark-gfm\src\'
 C:/mingw64/bin/../lib/gcc/x86_64-w64-mingw32/15.2.0/../../../../x86_64-w64-mingw32/bin/as.exe -v -I third_party\cmark-gfm\src -o third_party\cmark-gfm\src\cmark.o C:\Users\NALLEB~1\AppData\Local\Temp\ccrOwl3h.s
GNU assembler version 2.45 (x86_64-w64-mingw32) using BFD version (GNU Binutils) 2.45
COMPILER_PATH=C:/mingw64/bin/../libexec/gcc/x86_64-w64-mingw32/15.2.0/;C:/mingw64/bin/../libexec/gcc/;C:/mingw64/bin/../lib/gcc/x86_64-w64-mingw32/15.2.0/../../../../x86_64-w64-mingw32/bin/
LIBRARY_PATH=C:/mingw64/bin/../lib/gcc/x86_64-w64-mingw32/15.2.0/;C:/mingw64/bin/../lib/gcc/;C:/mingw64/bin/../lib/gcc/x86_64-w64-mingw32/15.2.0/../../../../x86_64-w64-mingw32/lib/../lib/;C:/mingw64/bin/../lib/gcc/x86_64-w64-mingw32/15.2.0/../../../../lib/;C:/mingw64/bin/../lib/gcc/x86_64-w64-mingw32/15.2.0/../../../../x86_64-w64-mingw32/lib/;C:/mingw64/bin/../lib/gcc/x86_64-w64-mingw32/15.2.0/../../../
COLLECT_GCC_OPTIONS='-v' '-O2' '-std=c99' '-I' 'third_party\cmark-gfm\src' '-c' '-o' 'third_party\cmark-gfm\src\cmark.o' '-mtune=core2' '-march=nocona' '-dumpdir' 'third_party\cmark-gfm\src\cmark.'
Using built-in specs.
COLLECT_GCC=gcc
Target: x86_64-w64-mingw32
Configured with: ../../../src/gcc-15.2.0/configure --host=x86_64-w64-mingw32 --build=x86_64-w64-mingw32 --target=x86_64-w64-mingw32 --prefix=/mingw64 --with-sysroot=/c/buildroot/x86_64-1520-mcf-seh-ucrt-rt_v13-rev0/mingw64 --enable-host-shared --disable-multilib --enable-languages=c,c++,fortran,lto --enable-libstdcxx-time=yes --enable-threads=mcf --enable-libgomp --enable-libatomic --enable-lto --enable-graphite --enable-checking=release --enable-mingw-wildcard --enable-fully-dynamic-string --enable-version-specific-runtime-libs --enable-libstdcxx-filesystem-ts=yes --disable-libssp --disable-libstdcxx-pch --disable-libstdcxx-debug --enable-bootstrap --disable-rpath --disable-win32-registry --disable-nls --disable-werror --disable-symvers --with-gnu-as --with-gnu-ld --with-arch=nocona --with-tune=core2 --with-libiconv --with-system-zlib --with-gmp=/c/buildroot/prerequisites/x86_64-w64-mingw32-static --with-mpfr=/c/buildroot/prerequisites/x86_64-w64-mingw32-static --with-mpc=/c/buildroot/prerequisites/x86_64-w64-mingw32-static --with-isl=/c/buildroot/prerequisites/x86_64-w64-mingw32-static --with-pkgversion='x86_64-mcf-seh-rev0, Built by MinGW-Builds project' --with-bugurl=https://github.com/niXman/mingw-builds LD_FOR_TARGET=/c/buildroot/x86_64-1520-mcf-seh-ucrt-rt_v13-rev0/mingw64/bin/ld.exe --with-boot-ldflags='-pipe -fno-ident -L/c/buildroot/x86_64-1520-mcf-seh-ucrt-rt_v13-rev0/mingw64/opt/lib -L/c/buildroot/prerequisites/x86_64-zlib-static/lib -L/c/buildroot/prerequisites/x86_64-w64-mingw32-static/lib  -Wl,--disable-dynamicbase -static-libstdc++ -static-libgcc'
Thread model: mcf
Supported LTO compression algorithms: zlib
gcc version 15.2.0 (x86_64-mcf-seh-rev0, Built by MinGW-Builds project) 
COLLECT_GCC_OPTIONS='-v' '-O2' '-std=c99' '-I' 'third_party\cmark-gfm\src' '-c' '-o' 'third_party\cmark-gfm\src\cmark_ctype.o' '-mtune=core2' '-march=nocona' '-dumpdir' 'third_party\cmark-gfm\src\'
 C:/mingw64/bin/../libexec/gcc/x86_64-w64-mingw32/15.2.0/cc1.exe -quiet -v -I third_party\cmark-gfm\src -iprefix C:/mingw64/bin/../lib/gcc/x86_64-w64-mingw32/15.2.0/ -U_REENTRANT third_party\cmark-gfm\src\cmark_ctype.c -quiet -dumpdir third_party\cmark-gfm\src\ -dumpbase cmark_ctype.c -dumpbase-ext .c -mtune=core2 -march=nocona -O2 -std=c99 -version -o C:\Users\NALLEB~1\AppData\Local\Temp\ccT0BVXr.s
GNU C99 (x86_64-mcf-seh-rev0, Built by MinGW-Builds project) version 15.2.0 (x86_64-w64-mingw32)
	compiled by GNU C version 15.2.0, GMP version 6.2.1, MPFR version 4.1.0, MPC version 1.2.1, isl version isl-0.27-GMP

GGC heuristics: --param ggc-min-expand=100 --param ggc-min-heapsize=131072
ignoring duplicate directory "C:/mingw64/lib/gcc/../../lib/gcc/x86_64-w64-mingw32/15.2.0/include"
ignoring nonexistent directory "C:/buildroot/x86_64-1520-mcf-seh-ucrt-rt_v13-rev0/mingw64D:/a/_temp/msys64/mingw64/lib/gcc/x86_64-w64-mingw32/15.2.0/../../../../include"
ignoring duplicate directory "C:/mingw64/lib/gcc/../../lib/gcc/x86_64-w64-mingw32/15.2.0/include-fixed"
ignoring duplicate directory "C:/mingw64/lib/gcc/../../lib/gcc/x86_64-w64-mingw32/15.2.0/../../../../x86_64-w64-mingw32/include"
ignoring nonexistent directory "C:/buildroot/x86_64-1520-mcf-seh-ucrt-rt_v13-rev0/mingw64/mingw/include"
#include "..." search starts here:
#include <...> search starts here:
 third_party\cmark-gfm\src
 C:/mingw64/bin/../lib/gcc/x86_64-w64-mingw32/15.2.0/include
 C:/mingw64/bin/../lib/gcc/x86_64-w64-mingw32/15.2.0/include-fixed
 C:/mingw64/bin/../lib/gcc/x86_64-w64-mingw32/15.2.0/../../../../x86_64-w64-mingw32/include
End of search list.
Compiler executable checksum: cefa2ebeb692ed00af38e59eabc88438
COLLECT_GCC_OPTIONS='-v' '-O2' '-std=c99' '-I' 'third_party\cmark-gfm\src' '-c' '-o' 'third_party\cmark-gfm\src\cmark_ctype.o' '-mtune=core2' '-march=nocona' '-dumpdir' 'third_party\cmark-gfm\src\'
 C:/mingw64/bin/../lib/gcc/x86_64-w64-mingw32/15.2.0/../../../../x86_64-w64-mingw32/bin/as.exe -v -I third_party\cmark-gfm\src -o third_party\cmark-gfm\src\cmark_ctype.o C:\Users\NALLEB~1\AppData\Local\Temp\ccT0BVXr.s
GNU assembler version 2.45 (x86_64-w64-mingw32) using BFD version (GNU Binutils) 2.45
COMPILER_PATH=C:/mingw64/bin/../libexec/gcc/x86_64-w64-mingw32/15.2.0/;C:/mingw64/bin/../libexec/gcc/;C:/mingw64/bin/../lib/gcc/x86_64-w64-mingw32/15.2.0/../../../../x86_64-w64-mingw32/bin/
LIBRARY_PATH=C:/mingw64/bin/../lib/gcc/x86_64-w64-mingw32/15.2.0/;C:/mingw64/bin/../lib/gcc/;C:/mingw64/bin/../lib/gcc/x86_64-w64-mingw32/15.2.0/../../../../x86_64-w64-mingw32/lib/../lib/;C:/mingw64/bin/../lib/gcc/x86_64-w64-mingw32/15.2.0/../../../../lib/;C:/mingw64/bin/../lib/gcc/x86_64-w64-mingw32/15.2.0/../../../../x86_64-w64-mingw32/lib/;C:/mingw64/bin/../lib/gcc/x86_64-w64-mingw32/15.2.0/../../../
COLLECT_GCC_OPTIONS='-v' '-O2' '-std=c99' '-I' 'third_party\cmark-gfm\src' '-c' '-o' 'third_party\cmark-gfm\src\cmark_ctype.o' '-mtune=core2' '-march=nocona' '-dumpdir' 'third_party\cmark-gfm\src\cmark_ctype.'
Using built-in specs.
COLLECT_GCC=gcc
Target: x86_64-w64-mingw32
Configured with: ../../../src/gcc-15.2.0/configure --host=x86_64-w64-mingw32 --build=x86_64-w64-mingw32 --target=x86_64-w64-mingw32 --prefix=/mingw64 --with-sysroot=/c/buildroot/x86_64-1520-mcf-seh-ucrt-rt_v13-rev0/mingw64 --enable-host-shared --disable-multilib --enable-languages=c,c++,fortran,lto --enable-libstdcxx-time=yes --enable-threads=mcf --enable-libgomp --enable-libatomic --enable-lto --enable-graphite --enable-checking=release --enable-mingw-wildcard --enable-fully-dynamic-string --enable-version-specific-runtime-libs --enable-libstdcxx-filesystem-ts=yes --disable-libssp --disable-libstdcxx-pch --disable-libstdcxx-debug --enable-bootstrap --disable-rpath --disable-win32-registry --disable-nls --disable-werror --disable-symvers --with-gnu-as --with-gnu-ld --with-arch=nocona --with-tune=core2 --with-libiconv --with-system-zlib --with-gmp=/c/buildroot/prerequisites/x86_64-w64-mingw32-static --with-mpfr=/c/buildroot/prerequisites/x86_64-w64-mingw32-static --with-mpc=/c/buildroot/prerequisites/x86_64-w64-mingw32-static --with-isl=/c/buildroot/prerequisites/x86_64-w64-mingw32-static --with-pkgversion='x86_64-mcf-seh-rev0, Built by MinGW-Builds project' --with-bugurl=https://github.com/niXman/mingw-builds LD_FOR_TARGET=/c/buildroot/x86_64-1520-mcf-seh-ucrt-rt_v13-rev0/mingw64/bin/ld.exe --with-boot-ldflags='-pipe -fno-ident -L/c/buildroot/x86_64-1520-mcf-seh-ucrt-rt_v13-rev0/mingw64/opt/lib -L/c/buildroot/prerequisites/x86_64-zlib-static/lib -L/c/buildroot/prerequisites/x86_64-w64-mingw32-static/lib  -Wl,--disable-dynamicbase -static-libstdc++ -static-libgcc'
Thread model: mcf
Supported LTO compression algorithms: zlib
gcc version 15.2.0 (x86_64-mcf-seh-rev0, Built by MinGW-Builds project) 
COLLECT_GCC_OPTIONS='-v' '-O2' '-std=c99' '-I' 'third_party\cmark-gfm\src' '-c' '-o' 'third_party\cmark-gfm\src\commonmark.o' '-mtune=core2' '-march=nocona' '-dumpdir' 'third_party\cmark-gfm\src\'
 C:/mingw64/bin/../libexec/gcc/x86_64-w64-mingw32/15.2.0/cc1.exe -quiet -v -I third_party\cmark-gfm\src -iprefix C:/mingw64/bin/../lib/gcc/x86_64-w64-mingw32/15.2.0/ -U_REENTRANT third_party\cmark-gfm\src\commonmark.c -quiet -dumpdir third_party\cmark-gfm\src\ -dumpbase commonmark.c -dumpbase-ext .c -mtune=core2 -march=nocona -O2 -std=c99 -version -o C:\Users\NALLEB~1\AppData\Local\Temp\cc5eJoOz.s
GNU C99 (x86_64-mcf-seh-rev0, Built by MinGW-Builds project) version 15.2.0 (x86_64-w64-mingw32)
	compiled by GNU C version 15.2.0, GMP version 6.2.1, MPFR version 4.1.0, MPC version 1.2.1, isl version isl-0.27-GMP

GGC heuristics: --param ggc-min-expand=100 --param ggc-min-heapsize=131072
ignoring duplicate directory "C:/mingw64/lib/gcc/../../lib/gcc/x86_64-w64-mingw32/15.2.0/include"
ignoring nonexistent directory "C:/buildroot/x86_64-1520-mcf-seh-ucrt-rt_v13-rev0/mingw64D:/a/_temp/msys64/mingw64/lib/gcc/x86_64-w64-mingw32/15.2.0/../../../../include"
ignoring duplicate directory "C:/mingw64/lib/gcc/../../lib/gcc/x86_64-w64-mingw32/15.2.0/include-fixed"
ignoring duplicate directory "C:/mingw64/lib/gcc/../../lib/gcc/x86_64-w64-mingw32/15.2.0/../../../../x86_64-w64-mingw32/include"
ignoring nonexistent directory "C:/buildroot/x86_64-1520-mcf-seh-ucrt-rt_v13-rev0/mingw64/mingw/include"
#include "..." search starts here:
#include <...> search starts here:
 third_party\cmark-gfm\src
 C:/mingw64/bin/../lib/gcc/x86_64-w64-mingw32/15.2.0/include
 C:/mingw64/bin/../lib/gcc/x86_64-w64-mingw32/15.2.0/include-fixed
 C:/mingw64/bin/../lib/gcc/x86_64-w64-mingw32/15.2.0/../../../../x86_64-w64-mingw32/include
End of search list.
Compiler executable checksum: cefa2ebeb692ed00af38e59eabc88438
COLLECT_GCC_OPTIONS='-v' '-O2' '-std=c99' '-I' 'third_party\cmark-gfm\src' '-c' '-o' 'third_party\cmark-gfm\src\commonmark.o' '-mtune=core2' '-march=nocona' '-dumpdir' 'third_party\cmark-gfm\src\'
 C:/mingw64/bin/../lib/gcc/x86_64-w64-mingw32/15.2.0/../../../../x86_64-w64-mingw32/bin/as.exe -v -I third_party\cmark-gfm\src -o third_party\cmark-gfm\src\commonmark.o C:\Users\NALLEB~1\AppData\Local\Temp\cc5eJoOz.s
GNU assembler version 2.45 (x86_64-w64-mingw32) using BFD version (GNU Binutils) 2.45
COMPILER_PATH=C:/mingw64/bin/../libexec/gcc/x86_64-w64-mingw32/15.2.0/;C:/mingw64/bin/../libexec/gcc/;C:/mingw64/bin/../lib/gcc/x86_64-w64-mingw32/15.2.0/../../../../x86_64-w64-mingw32/bin/
LIBRARY_PATH=C:/mingw64/bin/../lib/gcc/x86_64-w64-mingw32/15.2.0/;C:/mingw64/bin/../lib/gcc/;C:/mingw64/bin/../lib/gcc/x86_64-w64-mingw32/15.2.0/../../../../x86_64-w64-mingw32/lib/../lib/;C:/mingw64/bin/../lib/gcc/x86_64-w64-mingw32/15.2.0/../../../../lib/;C:/mingw64/bin/../lib/gcc/x86_64-w64-mingw32/15.2.0/../../../../x86_64-w64-mingw32/lib/;C:/mingw64/bin/../lib/gcc/x86_64-w64-mingw32/15.2.0/../../../
COLLECT_GCC_OPTIONS='-v' '-O2' '-std=c99' '-I' 'third_party\cmark-gfm\src' '-c' '-o' 'third_party\cmark-gfm\src\commonmark.o' '-mtune=core2' '-march=nocona' '-dumpdir' 'third_party\cmark-gfm\src\commonmark.'
Using built-in specs.
COLLECT_GCC=gcc
Target: x86_64-w64-mingw32
Configured with: ../../../src/gcc-15.2.0/configure --host=x86_64-w64-mingw32 --build=x86_64-w64-mingw32 --target=x86_64-w64-mingw32 --prefix=/mingw64 --with-sysroot=/c/buildroot/x86_64-1520-mcf-seh-ucrt-rt_v13-rev0/mingw64 --enable-host-shared --disable-multilib --enable-languages=c,c++,fortran,lto --enable-libstdcxx-time=yes --enable-threads=mcf --enable-libgomp --enable-libatomic --enable-lto --enable-graphite --enable-checking=release --enable-mingw-wildcard --enable-fully-dynamic-string --enable-version-specific-runtime-libs --enable-libstdcxx-filesystem-ts=yes --disable-libssp --disable-libstdcxx-pch --disable-libstdcxx-debug --enable-bootstrap --disable-rpath --disable-win32-registry --disable-nls --disable-werror --disable-symvers --with-gnu-as --with-gnu-ld --with-arch=nocona --with-tune=core2 --with-libiconv --with-system-zlib --with-gmp=/c/buildroot/prerequisites/x86_64-w64-mingw32-static --with-mpfr=/c/buildroot/prerequisites/x86_64-w64-mingw32-static --with-mpc=/c/buildroot/prerequisites/x86_64-w64-mingw32-static --with-isl=/c/buildroot/prerequisites/x86_64-w64-mingw32-static --with-pkgversion='x86_64-mcf-seh-rev0, Built by MinGW-Builds project' --with-bugurl=https://github.com/niXman/mingw-builds LD_FOR_TARGET=/c/buildroot/x86_64-1520-mcf-seh-ucrt-rt_v13-rev0/mingw64/bin/ld.exe --with-boot-ldflags='-pipe -fno-ident -L/c/buildroot/x86_64-1520-mcf-seh-ucrt-rt_v13-rev0/mingw64/opt/lib -L/c/buildroot/prerequisites/x86_64-zlib-static/lib -L/c/buildroot/prerequisites/x86_64-w64-mingw32-static/lib  -Wl,--disable-dynamicbase -static-libstdc++ -static-libgcc'
Thread model: mcf
Supported LTO compression algorithms: zlib
gcc version 15.2.0 (x86_64-mcf-seh-rev0, Built by MinGW-Builds project) 
COLLECT_GCC_OPTIONS='-v' '-O2' '-std=c99' '-I' 'third_party\cmark-gfm\src' '-c' '-o' 'third_party\cmark-gfm\src\footnotes.o' '-mtune=core2' '-march=nocona' '-dumpdir' 'third_party\cmark-gfm\src\'
 C:/mingw64/bin/../libexec/gcc/x86_64-w64-mingw32/15.2.0/cc1.exe -quiet -v -I third_party\cmark-gfm\src -iprefix C:/mingw64/bin/../lib/gcc/x86_64-w64-mingw32/15.2.0/ -U_REENTRANT third_party\cmark-gfm\src\footnotes.c -quiet -dumpdir third_party\cmark-gfm\src\ -dumpbase footnotes.c -dumpbase-ext .c -mtune=core2 -march=nocona -O2 -std=c99 -version -o C:\Users\NALLEB~1\AppData\Local\Temp\ccJ5XU7N.s
GNU C99 (x86_64-mcf-seh-rev0, Built by MinGW-Builds project) version 15.2.0 (x86_64-w64-mingw32)
	compiled by GNU C version 15.2.0, GMP version 6.2.1, MPFR version 4.1.0, MPC version 1.2.1, isl version isl-0.27-GMP

GGC heuristics: --param ggc-min-expand=100 --param ggc-min-heapsize=131072
ignoring duplicate directory "C:/mingw64/lib/gcc/../../lib/gcc/x86_64-w64-mingw32/15.2.0/include"
ignoring nonexistent directory "C:/buildroot/x86_64-1520-mcf-seh-ucrt-rt_v13-rev0/mingw64D:/a/_temp/msys64/mingw64/lib/gcc/x86_64-w64-mingw32/15.2.0/../../../../include"
ignoring duplicate directory "C:/mingw64/lib/gcc/../../lib/gcc/x86_64-w64-mingw32/15.2.0/include-fixed"
ignoring duplicate directory "C:/mingw64/lib/gcc/../../lib/gcc/x86_64-w64-mingw32/15.2.0/../../../../x86_64-w64-mingw32/include"
ignoring nonexistent directory "C:/buildroot/x86_64-1520-mcf-seh-ucrt-rt_v13-rev0/mingw64/mingw/include"
#include "..." search starts here:
#include <...> search starts here:
 third_party\cmark-gfm\src
 C:/mingw64/bin/../lib/gcc/x86_64-w64-mingw32/15.2.0/include
 C:/mingw64/bin/../lib/gcc/x86_64-w64-mingw32/15.2.0/include-fixed
 C:/mingw64/bin/../lib/gcc/x86_64-w64-mingw32/15.2.0/../../../../x86_64-w64-mingw32/include
End of search list.
Compiler executable checksum: cefa2ebeb692ed00af38e59eabc88438
COLLECT_GCC_OPTIONS='-v' '-O2' '-std=c99' '-I' 'third_party\cmark-gfm\src' '-c' '-o' 'third_party\cmark-gfm\src\footnotes.o' '-mtune=core2' '-march=nocona' '-dumpdir' 'third_party\cmark-gfm\src\'
 C:/mingw64/bin/../lib/gcc/x86_64-w64-mingw32/15.2.0/../../../../x86_64-w64-mingw32/bin/as.exe -v -I third_party\cmark-gfm\src -o third_party\cmark-gfm\src\footnotes.o C:\Users\NALLEB~1\AppData\Local\Temp\ccJ5XU7N.s
GNU assembler version 2.45 (x86_64-w64-mingw32) using BFD version (GNU Binutils) 2.45
COMPILER_PATH=C:/mingw64/bin/../libexec/gcc/x86_64-w64-mingw32/15.2.0/;C:/mingw64/bin/../libexec/gcc/;C:/mingw64/bin/../lib/gcc/x86_64-w64-mingw32/15.2.0/../../../../x86_64-w64-mingw32/bin/
LIBRARY_PATH=C:/mingw64/bin/../lib/gcc/x86_64-w64-mingw32/15.2.0/;C:/mingw64/bin/../lib/gcc/;C:/mingw64/bin/../lib/gcc/x86_64-w64-mingw32/15.2.0/../../../../x86_64-w64-mingw32/lib/../lib/;C:/mingw64/bin/../lib/gcc/x86_64-w64-mingw32/15.2.0/../../../../lib/;C:/mingw64/bin/../lib/gcc/x86_64-w64-mingw32/15.2.0/../../../../x86_64-w64-mingw32/lib/;C:/mingw64/bin/../lib/gcc/x86_64-w64-mingw32/15.2.0/../../../
COLLECT_GCC_OPTIONS='-v' '-O2' '-std=c99' '-I' 'third_party\cmark-gfm\src' '-c' '-o' 'third_party\cmark-gfm\src\footnotes.o' '-mtune=core2' '-march=nocona' '-dumpdir' 'third_party\cmark-gfm\src\footnotes.'
Using built-in specs.
COLLECT_GCC=gcc
Target: x86_64-w64-mingw32
Configured with: ../../../src/gcc-15.2.0/configure --host=x86_64-w64-mingw32 --build=x86_64-w64-mingw32 --target=x86_64-w64-mingw32 --prefix=/mingw64 --with-sysroot=/c/buildroot/x86_64-1520-mcf-seh-ucrt-rt_v13-rev0/mingw64 --enable-host-shared --disable-multilib --enable-languages=c,c++,fortran,lto --enable-libstdcxx-time=yes --enable-threads=mcf --enable-libgomp --enable-libatomic --enable-lto --enable-graphite --enable-checking=release --enable-mingw-wildcard --enable-fully-dynamic-string --enable-version-specific-runtime-libs --enable-libstdcxx-filesystem-ts=yes --disable-libssp --disable-libstdcxx-pch --disable-libstdcxx-debug --enable-bootstrap --disable-rpath --disable-win32-registry --disable-nls --disable-werror --disable-symvers --with-gnu-as --with-gnu-ld --with-arch=nocona --with-tune=core2 --with-libiconv --with-system-zlib --with-gmp=/c/buildroot/prerequisites/x86_64-w64-mingw32-static --with-mpfr=/c/buildroot/prerequisites/x86_64-w64-mingw32-static --with-mpc=/c/buildroot/prerequisites/x86_64-w64-mingw32-static --with-isl=/c/buildroot/prerequisites/x86_64-w64-mingw32-static --with-pkgversion='x86_64-mcf-seh-rev0, Built by MinGW-Builds project' --with-bugurl=https://github.com/niXman/mingw-builds LD_FOR_TARGET=/c/buildroot/x86_64-1520-mcf-seh-ucrt-rt_v13-rev0/mingw64/bin/ld.exe --with-boot-ldflags='-pipe -fno-ident -L/c/buildroot/x86_64-1520-mcf-seh-ucrt-rt_v13-rev0/mingw64/opt/lib -L/c/buildroot/prerequisites/x86_64-zlib-static/lib -L/c/buildroot/prerequisites/x86_64-w64-mingw32-static/lib  -Wl,--disable-dynamicbase -static-libstdc++ -static-libgcc'
Thread model: mcf
Supported LTO compression algorithms: zlib
gcc version 15.2.0 (x86_64-mcf-seh-rev0, Built by MinGW-Builds project) 
COLLECT_GCC_OPTIONS='-v' '-O2' '-std=c99' '-I' 'third_party\cmark-gfm\src' '-c' '-o' 'third_party\cmark-gfm\src\html.o' '-mtune=core2' '-march=nocona' '-dumpdir' 'third_party\cmark-gfm\src\'
 C:/mingw64/bin/../libexec/gcc/x86_64-w64-mingw32/15.2.0/cc1.exe -quiet -v -I third_party\cmark-gfm\src -iprefix C:/mingw64/bin/../lib/gcc/x86_64-w64-mingw32/15.2.0/ -U_REENTRANT third_party\cmark-gfm\src\html.c -quiet -dumpdir third_party\cmark-gfm\src\ -dumpbase html.c -dumpbase-ext .c -mtune=core2 -march=nocona -O2 -std=c99 -version -o C:\Users\NALLEB~1\AppData\Local\Temp\ccDYp3eY.s
GNU C99 (x86_64-mcf-seh-rev0, Built by MinGW-Builds project) version 15.2.0 (x86_64-w64-mingw32)
	compiled by GNU C version 15.2.0, GMP version 6.2.1, MPFR version 4.1.0, MPC version 1.2.1, isl version isl-0.27-GMP

GGC heuristics: --param ggc-min-expand=100 --param ggc-min-heapsize=131072
ignoring duplicate directory "C:/mingw64/lib/gcc/../../lib/gcc/x86_64-w64-mingw32/15.2.0/include"
ignoring nonexistent directory "C:/buildroot/x86_64-1520-mcf-seh-ucrt-rt_v13-rev0/mingw64D:/a/_temp/msys64/mingw64/lib/gcc/x86_64-w64-mingw32/15.2.0/../../../../include"
ignoring duplicate directory "C:/mingw64/lib/gcc/../../lib/gcc/x86_64-w64-mingw32/15.2.0/include-fixed"
ignoring duplicate directory "C:/mingw64/lib/gcc/../../lib/gcc/x86_64-w64-mingw32/15.2.0/../../../../x86_64-w64-mingw32/include"
ignoring nonexistent directory "C:/buildroot/x86_64-1520-mcf-seh-ucrt-rt_v13-rev0/mingw64/mingw/include"
#include "..." search starts here:
#include <...> search starts here:
 third_party\cmark-gfm\src
 C:/mingw64/bin/../lib/gcc/x86_64-w64-mingw32/15.2.0/include
 C:/mingw64/bin/../lib/gcc/x86_64-w64-mingw32/15.2.0/include-fixed
 C:/mingw64/bin/../lib/gcc/x86_64-w64-mingw32/15.2.0/../../../../x86_64-w64-mingw32/include
End of search list.
Compiler executable checksum: cefa2ebeb692ed00af38e59eabc88438
COLLECT_GCC_OPTIONS='-v' '-O2' '-std=c99' '-I' 'third_party\cmark-gfm\src' '-c' '-o' 'third_party\cmark-gfm\src\html.o' '-mtune=core2' '-march=nocona' '-dumpdir' 'third_party\cmark-gfm\src\'
 C:/mingw64/bin/../lib/gcc/x86_64-w64-mingw32/15.2.0/../../../../x86_64-w64-mingw32/bin/as.exe -v -I third_party\cmark-gfm\src -o third_party\cmark-gfm\src\html.o C:\Users\NALLEB~1\AppData\Local\Temp\ccDYp3eY.s
GNU assembler version 2.45 (x86_64-w64-mingw32) using BFD version (GNU Binutils) 2.45
COMPILER_PATH=C:/mingw64/bin/../libexec/gcc/x86_64-w64-mingw32/15.2.0/;C:/mingw64/bin/../libexec/gcc/;C:/mingw64/bin/../lib/gcc/x86_64-w64-mingw32/15.2.0/../../../../x86_64-w64-mingw32/bin/
LIBRARY_PATH=C:/mingw64/bin/../lib/gcc/x86_64-w64-mingw32/15.2.0/;C:/mingw64/bin/../lib/gcc/;C:/mingw64/bin/../lib/gcc/x86_64-w64-mingw32/15.2.0/../../../../x86_64-w64-mingw32/lib/../lib/;C:/mingw64/bin/../lib/gcc/x86_64-w64-mingw32/15.2.0/../../../../lib/;C:/mingw64/bin/../lib/gcc/x86_64-w64-mingw32/15.2.0/../../../../x86_64-w64-mingw32/lib/;C:/mingw64/bin/../lib/gcc/x86_64-w64-mingw32/15.2.0/../../../
COLLECT_GCC_OPTIONS='-v' '-O2' '-std=c99' '-I' 'third_party\cmark-gfm\src' '-c' '-o' 'third_party\cmark-gfm\src\html.o' '-mtune=core2' '-march=nocona' '-dumpdir' 'third_party\cmark-gfm\src\html.'
Using built-in specs.
COLLECT_GCC=gcc
Target: x86_64-w64-mingw32
Configured with: ../../../src/gcc-15.2.0/configure --host=x86_64-w64-mingw32 --build=x86_64-w64-mingw32 --target=x86_64-w64-mingw32 --prefix=/mingw64 --with-sysroot=/c/buildroot/x86_64-1520-mcf-seh-ucrt-rt_v13-rev0/mingw64 --enable-host-shared --disable-multilib --enable-languages=c,c++,fortran,lto --enable-libstdcxx-time=yes --enable-threads=mcf --enable-libgomp --enable-libatomic --enable-lto --enable-graphite --enable-checking=release --enable-mingw-wildcard --enable-fully-dynamic-string --enable-version-specific-runtime-libs --enable-libstdcxx-filesystem-ts=yes --disable-libssp --disable-libstdcxx-pch --disable-libstdcxx-debug --enable-bootstrap --disable-rpath --disable-win32-registry --disable-nls --disable-werror --disable-symvers --with-gnu-as --with-gnu-ld --with-arch=nocona --with-tune=core2 --with-libiconv --with-system-zlib --with-gmp=/c/buildroot/prerequisites/x86_64-w64-mingw32-static --with-mpfr=/c/buildroot/prerequisites/x86_64-w64-mingw32-static --with-mpc=/c/buildroot/prerequisites/x86_64-w64-mingw32-static --with-isl=/c/buildroot/prerequisites/x86_64-w64-mingw32-static --with-pkgversion='x86_64-mcf-seh-rev0, Built by MinGW-Builds project' --with-bugurl=https://github.com/niXman/mingw-builds LD_FOR_TARGET=/c/buildroot/x86_64-1520-mcf-seh-ucrt-rt_v13-rev0/mingw64/bin/ld.exe --with-boot-ldflags='-pipe -fno-ident -L/c/buildroot/x86_64-1520-mcf-seh-ucrt-rt_v13-rev0/mingw64/opt/lib -L/c/buildroot/prerequisites/x86_64-zlib-static/lib -L/c/buildroot/prerequisites/x86_64-w64-mingw32-static/lib  -Wl,--disable-dynamicbase -static-libstdc++ -static-libgcc'
Thread model: mcf
Supported LTO compression algorithms: zlib
gcc version 15.2.0 (x86_64-mcf-seh-rev0, Built by MinGW-Builds project) 
COLLECT_GCC_OPTIONS='-v' '-O2' '-std=c99' '-I' 'third_party\cmark-gfm\src' '-c' '-o' 'third_party\cmark-gfm\src\houdini_href_e.o' '-mtune=core2' '-march=nocona' '-dumpdir' 'third_party\cmark-gfm\src\'
 C:/mingw64/bin/../libexec/gcc/x86_64-w64-mingw32/15.2.0/cc1.exe -quiet -v -I third_party\cmark-gfm\src -iprefix C:/mingw64/bin/../lib/gcc/x86_64-w64-mingw32/15.2.0/ -U_REENTRANT third_party\cmark-gfm\src\houdini_href_e.c -quiet -dumpdir third_party\cmark-gfm\src\ -dumpbase houdini_href_e.c -dumpbase-ext .c -mtune=core2 -march=nocona -O2 -std=c99 -version -o C:\Users\NALLEB~1\AppData\Local\Temp\cc9Ymzre.s
GNU C99 (x86_64-mcf-seh-rev0, Built by MinGW-Builds project) version 15.2.0 (x86_64-w64-mingw32)
	compiled by GNU C version 15.2.0, GMP version 6.2.1, MPFR version 4.1.0, MPC version 1.2.1, isl version isl-0.27-GMP

GGC heuristics: --param ggc-min-expand=100 --param ggc-min-heapsize=131072
ignoring duplicate directory "C:/mingw64/lib/gcc/../../lib/gcc/x86_64-w64-mingw32/15.2.0/include"
ignoring nonexistent directory "C:/buildroot/x86_64-1520-mcf-seh-ucrt-rt_v13-rev0/mingw64D:/a/_temp/msys64/mingw64/lib/gcc/x86_64-w64-mingw32/15.2.0/../../../../include"
ignoring duplicate directory "C:/mingw64/lib/gcc/../../lib/gcc/x86_64-w64-mingw32/15.2.0/include-fixed"
ignoring duplicate directory "C:/mingw64/lib/gcc/../../lib/gcc/x86_64-w64-mingw32/15.2.0/../../../../x86_64-w64-mingw32/include"
ignoring nonexistent directory "C:/buildroot/x86_64-1520-mcf-seh-ucrt-rt_v13-rev0/mingw64/mingw/include"
#include "..." search starts here:
#include <...> search starts here:
 third_party\cmark-gfm\src
 C:/mingw64/bin/../lib/gcc/x86_64-w64-mingw32/15.2.0/include
 C:/mingw64/bin/../lib/gcc/x86_64-w64-mingw32/15.2.0/include-fixed
 C:/mingw64/bin/../lib/gcc/x86_64-w64-mingw32/15.2.0/../../../../x86_64-w64-mingw32/include
End of search list.
Compiler executable checksum: cefa2ebeb692ed00af38e59eabc88438
COLLECT_GCC_OPTIONS='-v' '-O2' '-std=c99' '-I' 'third_party\cmark-gfm\src' '-c' '-o' 'third_party\cmark-gfm\src\houdini_href_e.o' '-mtune=core2' '-march=nocona' '-dumpdir' 'third_party\cmark-gfm\src\'
 C:/mingw64/bin/../lib/gcc/x86_64-w64-mingw32/15.2.0/../../../../x86_64-w64-mingw32/bin/as.exe -v -I third_party\cmark-gfm\src -o third_party\cmark-gfm\src\houdini_href_e.o C:\Users\NALLEB~1\AppData\Local\Temp\cc9Ymzre.s
GNU assembler version 2.45 (x86_64-w64-mingw32) using BFD version (GNU Binutils) 2.45
COMPILER_PATH=C:/mingw64/bin/../libexec/gcc/x86_64-w64-mingw32/15.2.0/;C:/mingw64/bin/../libexec/gcc/;C:/mingw64/bin/../lib/gcc/x86_64-w64-mingw32/15.2.0/../../../../x86_64-w64-mingw32/bin/
LIBRARY_PATH=C:/mingw64/bin/../lib/gcc/x86_64-w64-mingw32/15.2.0/;C:/mingw64/bin/../lib/gcc/;C:/mingw64/bin/../lib/gcc/x86_64-w64-mingw32/15.2.0/../../../../x86_64-w64-mingw32/lib/../lib/;C:/mingw64/bin/../lib/gcc/x86_64-w64-mingw32/15.2.0/../../../../lib/;C:/mingw64/bin/../lib/gcc/x86_64-w64-mingw32/15.2.0/../../../../x86_64-w64-mingw32/lib/;C:/mingw64/bin/../lib/gcc/x86_64-w64-mingw32/15.2.0/../../../
COLLECT_GCC_OPTIONS='-v' '-O2' '-std=c99' '-I' 'third_party\cmark-gfm\src' '-c' '-o' 'third_party\cmark-gfm\src\houdini_href_e.o' '-mtune=core2' '-march=nocona' '-dumpdir' 'third_party\cmark-gfm\src\houdini_href_e.'
Using built-in specs.
COLLECT_GCC=gcc
Target: x86_64-w64-mingw32
Configured with: ../../../src/gcc-15.2.0/configure --host=x86_64-w64-mingw32 --build=x86_64-w64-mingw32 --target=x86_64-w64-mingw32 --prefix=/mingw64 --with-sysroot=/c/buildroot/x86_64-1520-mcf-seh-ucrt-rt_v13-rev0/mingw64 --enable-host-shared --disable-multilib --enable-languages=c,c++,fortran,lto --enable-libstdcxx-time=yes --enable-threads=mcf --enable-libgomp --enable-libatomic --enable-lto --enable-graphite --enable-checking=release --enable-mingw-wildcard --enable-fully-dynamic-string --enable-version-specific-runtime-libs --enable-libstdcxx-filesystem-ts=yes --disable-libssp --disable-libstdcxx-pch --disable-libstdcxx-debug --enable-bootstrap --disable-rpath --disable-win32-registry --disable-nls --disable-werror --disable-symvers --with-gnu-as --with-gnu-ld --with-arch=nocona --with-tune=core2 --with-libiconv --with-system-zlib --with-gmp=/c/buildroot/prerequisites/x86_64-w64-mingw32-static --with-mpfr=/c/buildroot/prerequisites/x86_64-w64-mingw32-static --with-mpc=/c/buildroot/prerequisites/x86_64-w64-mingw32-static --with-isl=/c/buildroot/prerequisites/x86_64-w64-mingw32-static --with-pkgversion='x86_64-mcf-seh-rev0, Built by MinGW-Builds project' --with-bugurl=https://github.com/niXman/mingw-builds LD_FOR_TARGET=/c/buildroot/x86_64-1520-mcf-seh-ucrt-rt_v13-rev0/mingw64/bin/ld.exe --with-boot-ldflags='-pipe -fno-ident -L/c/buildroot/x86_64-1520-mcf-seh-ucrt-rt_v13-rev0/mingw64/opt/lib -L/c/buildroot/prerequisites/x86_64-zlib-static/lib -L/c/buildroot/prerequisites/x86_64-w64-mingw32-static/lib  -Wl,--disable-dynamicbase -static-libstdc++ -static-libgcc'
Thread model: mcf
Supported LTO compression algorithms: zlib
gcc version 15.2.0 (x86_64-mcf-seh-rev0, Built by MinGW-Builds project) 
COLLECT_GCC_OPTIONS='-v' '-O2' '-std=c99' '-I' 'third_party\cmark-gfm\src' '-c' '-o' 'third_party\cmark-gfm\src\houdini_html_e.o' '-mtune=core2' '-march=nocona' '-dumpdir' 'third_party\cmark-gfm\src\'
 C:/mingw64/bin/../libexec/gcc/x86_64-w64-mingw32/15.2.0/cc1.exe -quiet -v -I third_party\cmark-gfm\src -iprefix C:/mingw64/bin/../lib/gcc/x86_64-w64-mingw32/15.2.0/ -U_REENTRANT third_party\cmark-gfm\src\houdini_html_e.c -quiet -dumpdir third_party\cmark-gfm\src\ -dumpbase houdini_html_e.c -dumpbase-ext .c -mtune=core2 -march=nocona -O2 -std=c99 -version -o C:\Users\NALLEB~1\AppData\Local\Temp\ccYuKGae.s
GNU C99 (x86_64-mcf-seh-rev0, Built by MinGW-Builds project) version 15.2.0 (x86_64-w64-mingw32)
	compiled by GNU C version 15.2.0, GMP version 6.2.1, MPFR version 4.1.0, MPC version 1.2.1, isl version isl-0.27-GMP

GGC heuristics: --param ggc-min-expand=100 --param ggc-min-heapsize=131072
ignoring duplicate directory "C:/mingw64/lib/gcc/../../lib/gcc/x86_64-w64-mingw32/15.2.0/include"
ignoring nonexistent directory "C:/buildroot/x86_64-1520-mcf-seh-ucrt-rt_v13-rev0/mingw64D:/a/_temp/msys64/mingw64/lib/gcc/x86_64-w64-mingw32/15.2.0/../../../../include"
ignoring duplicate directory "C:/mingw64/lib/gcc/../../lib/gcc/x86_64-w64-mingw32/15.2.0/include-fixed"
ignoring duplicate directory "C:/mingw64/lib/gcc/../../lib/gcc/x86_64-w64-mingw32/15.2.0/../../../../x86_64-w64-mingw32/include"
ignoring nonexistent directory "C:/buildroot/x86_64-1520-mcf-seh-ucrt-rt_v13-rev0/mingw64/mingw/include"
#include "..." search starts here:
#include <...> search starts here:
 third_party\cmark-gfm\src
 C:/mingw64/bin/../lib/gcc/x86_64-w64-mingw32/15.2.0/include
 C:/mingw64/bin/../lib/gcc/x86_64-w64-mingw32/15.2.0/include-fixed
 C:/mingw64/bin/../lib/gcc/x86_64-w64-mingw32/15.2.0/../../../../x86_64-w64-mingw32/include
End of search list.
Compiler executable checksum: cefa2ebeb692ed00af38e59eabc88438
COLLECT_GCC_OPTIONS='-v' '-O2' '-std=c99' '-I' 'third_party\cmark-gfm\src' '-c' '-o' 'third_party\cmark-gfm\src\houdini_html_e.o' '-mtune=core2' '-march=nocona' '-dumpdir' 'third_party\cmark-gfm\src\'
 C:/mingw64/bin/../lib/gcc/x86_64-w64-mingw32/15.2.0/../../../../x86_64-w64-mingw32/bin/as.exe -v -I third_party\cmark-gfm\src -o third_party\cmark-gfm\src\houdini_html_e.o C:\Users\NALLEB~1\AppData\Local\Temp\ccYuKGae.s
GNU assembler version 2.45 (x86_64-w64-mingw32) using BFD version (GNU Binutils) 2.45
COMPILER_PATH=C:/mingw64/bin/../libexec/gcc/x86_64-w64-mingw32/15.2.0/;C:/mingw64/bin/../libexec/gcc/;C:/mingw64/bin/../lib/gcc/x86_64-w64-mingw32/15.2.0/../../../../x86_64-w64-mingw32/bin/
LIBRARY_PATH=C:/mingw64/bin/../lib/gcc/x86_64-w64-mingw32/15.2.0/;C:/mingw64/bin/../lib/gcc/;C:/mingw64/bin/../lib/gcc/x86_64-w64-mingw32/15.2.0/../../../../x86_64-w64-mingw32/lib/../lib/;C:/mingw64/bin/../lib/gcc/x86_64-w64-mingw32/15.2.0/../../../../lib/;C:/mingw64/bin/../lib/gcc/x86_64-w64-mingw32/15.2.0/../../../../x86_64-w64-mingw32/lib/;C:/mingw64/bin/../lib/gcc/x86_64-w64-mingw32/15.2.0/../../../
COLLECT_GCC_OPTIONS='-v' '-O2' '-std=c99' '-I' 'third_party\cmark-gfm\src' '-c' '-o' 'third_party\cmark-gfm\src\houdini_html_e.o' '-mtune=core2' '-march=nocona' '-dumpdir' 'third_party\cmark-gfm\src\houdini_html_e.'
Using built-in specs.
COLLECT_GCC=gcc
Target: x86_64-w64-mingw32
Configured with: ../../../src/gcc-15.2.0/configure --host=x86_64-w64-mingw32 --build=x86_64-w64-mingw32 --target=x86_64-w64-mingw32 --prefix=/mingw64 --with-sysroot=/c/buildroot/x86_64-1520-mcf-seh-ucrt-rt_v13-rev0/mingw64 --enable-host-shared --disable-multilib --enable-languages=c,c++,fortran,lto --enable-libstdcxx-time=yes --enable-threads=mcf --enable-libgomp --enable-libatomic --enable-lto --enable-graphite --enable-checking=release --enable-mingw-wildcard --enable-fully-dynamic-string --enable-version-specific-runtime-libs --enable-libstdcxx-filesystem-ts=yes --disable-libssp --disable-libstdcxx-pch --disable-libstdcxx-debug --enable-bootstrap --disable-rpath --disable-win32-registry --disable-nls --disable-werror --disable-symvers --with-gnu-as --with-gnu-ld --with-arch=nocona --with-tune=core2 --with-libiconv --with-system-zlib --with-gmp=/c/buildroot/prerequisites/x86_64-w64-mingw32-static --with-mpfr=/c/buildroot/prerequisites/x86_64-w64-mingw32-static --with-mpc=/c/buildroot/prerequisites/x86_64-w64-mingw32-static --with-isl=/c/buildroot/prerequisites/x86_64-w64-mingw32-static --with-pkgversion='x86_64-mcf-seh-rev0, Built by MinGW-Builds project' --with-bugurl=https://github.com/niXman/mingw-builds LD_FOR_TARGET=/c/buildroot/x86_64-1520-mcf-seh-ucrt-rt_v13-rev0/mingw64/bin/ld.exe --with-boot-ldflags='-pipe -fno-ident -L/c/buildroot/x86_64-1520-mcf-seh-ucrt-rt_v13-rev0/mingw64/opt/lib -L/c/buildroot/prerequisites/x86_64-zlib-static/lib -L/c/buildroot/prerequisites/x86_64-w64-mingw32-static/lib  -Wl,--disable-dynamicbase -static-libstdc++ -static-libgcc'
Thread model: mcf
Supported LTO compression algorithms: zlib
gcc version 15.2.0 (x86_64-mcf-seh-rev0, Built by MinGW-Builds project) 
COLLECT_GCC_OPTIONS='-v' '-O2' '-std=c99' '-I' 'third_party\cmark-gfm\src' '-c' '-o' 'third_party\cmark-gfm\src\houdini_html_u.o' '-mtune=core2' '-march=nocona' '-dumpdir' 'third_party\cmark-gfm\src\'
 C:/mingw64/bin/../libexec/gcc/x86_64-w64-mingw32/15.2.0/cc1.exe -quiet -v -I third_party\cmark-gfm\src -iprefix C:/mingw64/bin/../lib/gcc/x86_64-w64-mingw32/15.2.0/ -U_REENTRANT third_party\cmark-gfm\src\houdini_html_u.c -quiet -dumpdir third_party\cmark-gfm\src\ -dumpbase houdini_html_u.c -dumpbase-ext .c -mtune=core2 -march=nocona -O2 -std=c99 -version -o C:\Users\NALLEB~1\AppData\Local\Temp\cc87K5Qj.s
GNU C99 (x86_64-mcf-seh-rev0, Built by MinGW-Builds project) version 15.2.0 (x86_64-w64-mingw32)
	compiled by GNU C version 15.2.0, GMP version 6.2.1, MPFR version 4.1.0, MPC version 1.2.1, isl version isl-0.27-GMP

GGC heuristics: --param ggc-min-expand=100 --param ggc-min-heapsize=131072
ignoring duplicate directory "C:/mingw64/lib/gcc/../../lib/gcc/x86_64-w64-mingw32/15.2.0/include"
ignoring nonexistent directory "C:/buildroot/x86_64-1520-mcf-seh-ucrt-rt_v13-rev0/mingw64D:/a/_temp/msys64/mingw64/lib/gcc/x86_64-w64-mingw32/15.2.0/../../../../include"
ignoring duplicate directory "C:/mingw64/lib/gcc/../../lib/gcc/x86_64-w64-mingw32/15.2.0/include-fixed"
ignoring duplicate directory "C:/mingw64/lib/gcc/../../lib/gcc/x86_64-w64-mingw32/15.2.0/../../../../x86_64-w64-mingw32/include"
ignoring nonexistent directory "C:/buildroot/x86_64-1520-mcf-seh-ucrt-rt_v13-rev0/mingw64/mingw/include"
#include "..." search starts here:
#include <...> search starts here:
 third_party\cmark-gfm\src
 C:/mingw64/bin/../lib/gcc/x86_64-w64-mingw32/15.2.0/include
 C:/mingw64/bin/../lib/gcc/x86_64-w64-mingw32/15.2.0/include-fixed
 C:/mingw64/bin/../lib/gcc/x86_64-w64-mingw32/15.2.0/../../../../x86_64-w64-mingw32/include
End of search list.
Compiler executable checksum: cefa2ebeb692ed00af38e59eabc88438
COLLECT_GCC_OPTIONS='-v' '-O2' '-std=c99' '-I' 'third_party\cmark-gfm\src' '-c' '-o' 'third_party\cmark-gfm\src\houdini_html_u.o' '-mtune=core2' '-march=nocona' '-dumpdir' 'third_party\cmark-gfm\src\'
 C:/mingw64/bin/../lib/gcc/x86_64-w64-mingw32/15.2.0/../../../../x86_64-w64-mingw32/bin/as.exe -v -I third_party\cmark-gfm\src -o third_party\cmark-gfm\src\houdini_html_u.o C:\Users\NALLEB~1\AppData\Local\Temp\cc87K5Qj.s
GNU assembler version 2.45 (x86_64-w64-mingw32) using BFD version (GNU Binutils) 2.45
COMPILER_PATH=C:/mingw64/bin/../libexec/gcc/x86_64-w64-mingw32/15.2.0/;C:/mingw64/bin/../libexec/gcc/;C:/mingw64/bin/../lib/gcc/x86_64-w64-mingw32/15.2.0/../../../../x86_64-w64-mingw32/bin/
LIBRARY_PATH=C:/mingw64/bin/../lib/gcc/x86_64-w64-mingw32/15.2.0/;C:/mingw64/bin/../lib/gcc/;C:/mingw64/bin/../lib/gcc/x86_64-w64-mingw32/15.2.0/../../../../x86_64-w64-mingw32/lib/../lib/;C:/mingw64/bin/../lib/gcc/x86_64-w64-mingw32/15.2.0/../../../../lib/;C:/mingw64/bin/../lib/gcc/x86_64-w64-mingw32/15.2.0/../../../../x86_64-w64-mingw32/lib/;C:/mingw64/bin/../lib/gcc/x86_64-w64-mingw32/15.2.0/../../../
COLLECT_GCC_OPTIONS='-v' '-O2' '-std=c99' '-I' 'third_party\cmark-gfm\src' '-c' '-o' 'third_party\cmark-gfm\src\houdini_html_u.o' '-mtune=core2' '-march=nocona' '-dumpdir' 'third_party\cmark-gfm\src\houdini_html_u.'
Using built-in specs.
COLLECT_GCC=gcc
Target: x86_64-w64-mingw32
Configured with: ../../../src/gcc-15.2.0/configure --host=x86_64-w64-mingw32 --build=x86_64-w64-mingw32 --target=x86_64-w64-mingw32 --prefix=/mingw64 --with-sysroot=/c/buildroot/x86_64-1520-mcf-seh-ucrt-rt_v13-rev0/mingw64 --enable-host-shared --disable-multilib --enable-languages=c,c++,fortran,lto --enable-libstdcxx-time=yes --enable-threads=mcf --enable-libgomp --enable-libatomic --enable-lto --enable-graphite --enable-checking=release --enable-mingw-wildcard --enable-fully-dynamic-string --enable-version-specific-runtime-libs --enable-libstdcxx-filesystem-ts=yes --disable-libssp --disable-libstdcxx-pch --disable-libstdcxx-debug --enable-bootstrap --disable-rpath --disable-win32-registry --disable-nls --disable-werror --disable-symvers --with-gnu-as --with-gnu-ld --with-arch=nocona --with-tune=core2 --with-libiconv --with-system-zlib --with-gmp=/c/buildroot/prerequisites/x86_64-w64-mingw32-static --with-mpfr=/c/buildroot/prerequisites/x86_64-w64-mingw32-static --with-mpc=/c/buildroot/prerequisites/x86_64-w64-mingw32-static --with-isl=/c/buildroot/prerequisites/x86_64-w64-mingw32-static --with-pkgversion='x86_64-mcf-seh-rev0, Built by MinGW-Builds project' --with-bugurl=https://github.com/niXman/mingw-builds LD_FOR_TARGET=/c/buildroot/x86_64-1520-mcf-seh-ucrt-rt_v13-rev0/mingw64/bin/ld.exe --with-boot-ldflags='-pipe -fno-ident -L/c/buildroot/x86_64-1520-mcf-seh-ucrt-rt_v13-rev0/mingw64/opt/lib -L/c/buildroot/prerequisites/x86_64-zlib-static/lib -L/c/buildroot/prerequisites/x86_64-w64-mingw32-static/lib  -Wl,--disable-dynamicbase -static-libstdc++ -static-libgcc'
Thread model: mcf
Supported LTO compression algorithms: zlib
gcc version 15.2.0 (x86_64-mcf-seh-rev0, Built by MinGW-Builds project) 
COLLECT_GCC_OPTIONS='-v' '-O2' '-std=c99' '-I' 'third_party\cmark-gfm\src' '-c' '-o' 'third_party\cmark-gfm\src\inlines.o' '-mtune=core2' '-march=nocona' '-dumpdir' 'third_party\cmark-gfm\src\'
 C:/mingw64/bin/../libexec/gcc/x86_64-w64-mingw32/15.2.0/cc1.exe -quiet -v -I third_party\cmark-gfm\src -iprefix C:/mingw64/bin/../lib/gcc/x86_64-w64-mingw32/15.2.0/ -U_REENTRANT third_party\cmark-gfm\src\inlines.c -quiet -dumpdir third_party\cmark-gfm\src\ -dumpbase inlines.c -dumpbase-ext .c -mtune=core2 -march=nocona -O2 -std=c99 -version -o C:\Users\NALLEB~1\AppData\Local\Temp\ccaD8S4y.s
GNU C99 (x86_64-mcf-seh-rev0, Built by MinGW-Builds project) version 15.2.0 (x86_64-w64-mingw32)
	compiled by GNU C version 15.2.0, GMP version 6.2.1, MPFR version 4.1.0, MPC version 1.2.1, isl version isl-0.27-GMP

GGC heuristics: --param ggc-min-expand=100 --param ggc-min-heapsize=131072
ignoring duplicate directory "C:/mingw64/lib/gcc/../../lib/gcc/x86_64-w64-mingw32/15.2.0/include"
ignoring nonexistent directory "C:/buildroot/x86_64-1520-mcf-seh-ucrt-rt_v13-rev0/mingw64D:/a/_temp/msys64/mingw64/lib/gcc/x86_64-w64-mingw32/15.2.0/../../../../include"
ignoring duplicate directory "C:/mingw64/lib/gcc/../../lib/gcc/x86_64-w64-mingw32/15.2.0/include-fixed"
ignoring duplicate directory "C:/mingw64/lib/gcc/../../lib/gcc/x86_64-w64-mingw32/15.2.0/../../../../x86_64-w64-mingw32/include"
ignoring nonexistent directory "C:/buildroot/x86_64-1520-mcf-seh-ucrt-rt_v13-rev0/mingw64/mingw/include"
#include "..." search starts here:
#include <...> search starts here:
 third_party\cmark-gfm\src
 C:/mingw64/bin/../lib/gcc/x86_64-w64-mingw32/15.2.0/include
 C:/mingw64/bin/../lib/gcc/x86_64-w64-mingw32/15.2.0/include-fixed
 C:/mingw64/bin/../lib/gcc/x86_64-w64-mingw32/15.2.0/../../../../x86_64-w64-mingw32/include
End of search list.
Compiler executable checksum: cefa2ebeb692ed00af38e59eabc88438
COLLECT_GCC_OPTIONS='-v' '-O2' '-std=c99' '-I' 'third_party\cmark-gfm\src' '-c' '-o' 'third_party\cmark-gfm\src\inlines.o' '-mtune=core2' '-march=nocona' '-dumpdir' 'third_party\cmark-gfm\src\'
 C:/mingw64/bin/../lib/gcc/x86_64-w64-mingw32/15.2.0/../../../../x86_64-w64-mingw32/bin/as.exe -v -I third_party\cmark-gfm\src -o third_party\cmark-gfm\src\inlines.o C:\Users\NALLEB~1\AppData\Local\Temp\ccaD8S4y.s
GNU assembler version 2.45 (x86_64-w64-mingw32) using BFD version (GNU Binutils) 2.45
COMPILER_PATH=C:/mingw64/bin/../libexec/gcc/x86_64-w64-mingw32/15.2.0/;C:/mingw64/bin/../libexec/gcc/;C:/mingw64/bin/../lib/gcc/x86_64-w64-mingw32/15.2.0/../../../../x86_64-w64-mingw32/bin/
LIBRARY_PATH=C:/mingw64/bin/../lib/gcc/x86_64-w64-mingw32/15.2.0/;C:/mingw64/bin/../lib/gcc/;C:/mingw64/bin/../lib/gcc/x86_64-w64-mingw32/15.2.0/../../../../x86_64-w64-mingw32/lib/../lib/;C:/mingw64/bin/../lib/gcc/x86_64-w64-mingw32/15.2.0/../../../../lib/;C:/mingw64/bin/../lib/gcc/x86_64-w64-mingw32/15.2.0/../../../../x86_64-w64-mingw32/lib/;C:/mingw64/bin/../lib/gcc/x86_64-w64-mingw32/15.2.0/../../../
COLLECT_GCC_OPTIONS='-v' '-O2' '-std=c99' '-I' 'third_party\cmark-gfm\src' '-c' '-o' 'third_party\cmark-gfm\src\inlines.o' '-mtune=core2' '-march=nocona' '-dumpdir' 'third_party\cmark-gfm\src\inlines.'
Using built-in specs.
COLLECT_GCC=gcc
Target: x86_64-w64-mingw32
Configured with: ../../../src/gcc-15.2.0/configure --host=x86_64-w64-mingw32 --build=x86_64-w64-mingw32 --target=x86_64-w64-mingw32 --prefix=/mingw64 --with-sysroot=/c/buildroot/x86_64-1520-mcf-seh-ucrt-rt_v13-rev0/mingw64 --enable-host-shared --disable-multilib --enable-languages=c,c++,fortran,lto --enable-libstdcxx-time=yes --enable-threads=mcf --enable-libgomp --enable-libatomic --enable-lto --enable-graphite --enable-checking=release --enable-mingw-wildcard --enable-fully-dynamic-string --enable-version-specific-runtime-libs --enable-libstdcxx-filesystem-ts=yes --disable-libssp --disable-libstdcxx-pch --disable-libstdcxx-debug --enable-bootstrap --disable-rpath --disable-win32-registry --disable-nls --disable-werror --disable-symvers --with-gnu-as --with-gnu-ld --with-arch=nocona --with-tune=core2 --with-libiconv --with-system-zlib --with-gmp=/c/buildroot/prerequisites/x86_64-w64-mingw32-static --with-mpfr=/c/buildroot/prerequisites/x86_64-w64-mingw32-static --with-mpc=/c/buildroot/prerequisites/x86_64-w64-mingw32-static --with-isl=/c/buildroot/prerequisites/x86_64-w64-mingw32-static --with-pkgversion='x86_64-mcf-seh-rev0, Built by MinGW-Builds project' --with-bugurl=https://github.com/niXman/mingw-builds LD_FOR_TARGET=/c/buildroot/x86_64-1520-mcf-seh-ucrt-rt_v13-rev0/mingw64/bin/ld.exe --with-boot-ldflags='-pipe -fno-ident -L/c/buildroot/x86_64-1520-mcf-seh-ucrt-rt_v13-rev0/mingw64/opt/lib -L/c/buildroot/prerequisites/x86_64-zlib-static/lib -L/c/buildroot/prerequisites/x86_64-w64-mingw32-static/lib  -Wl,--disable-dynamicbase -static-libstdc++ -static-libgcc'
Thread model: mcf
Supported LTO compression algorithms: zlib
gcc version 15.2.0 (x86_64-mcf-seh-rev0, Built by MinGW-Builds project) 
COLLECT_GCC_OPTIONS='-v' '-O2' '-std=c99' '-I' 'third_party\cmark-gfm\src' '-c' '-o' 'third_party\cmark-gfm\src\iterator.o' '-mtune=core2' '-march=nocona' '-dumpdir' 'third_party\cmark-gfm\src\'
 C:/mingw64/bin/../libexec/gcc/x86_64-w64-mingw32/15.2.0/cc1.exe -quiet -v -I third_party\cmark-gfm\src -iprefix C:/mingw64/bin/../lib/gcc/x86_64-w64-mingw32/15.2.0/ -U_REENTRANT third_party\cmark-gfm\src\iterator.c -quiet -dumpdir third_party\cmark-gfm\src\ -dumpbase iterator.c -dumpbase-ext .c -mtune=core2 -march=nocona -O2 -std=c99 -version -o C:\Users\NALLEB~1\AppData\Local\Temp\ccYYy8Rd.s
GNU C99 (x86_64-mcf-seh-rev0, Built by MinGW-Builds project) version 15.2.0 (x86_64-w64-mingw32)
	compiled by GNU C version 15.2.0, GMP version 6.2.1, MPFR version 4.1.0, MPC version 1.2.1, isl version isl-0.27-GMP

GGC heuristics: --param ggc-min-expand=100 --param ggc-min-heapsize=131072
ignoring duplicate directory "C:/mingw64/lib/gcc/../../lib/gcc/x86_64-w64-mingw32/15.2.0/include"
ignoring nonexistent directory "C:/buildroot/x86_64-1520-mcf-seh-ucrt-rt_v13-rev0/mingw64D:/a/_temp/msys64/mingw64/lib/gcc/x86_64-w64-mingw32/15.2.0/../../../../include"
ignoring duplicate directory "C:/mingw64/lib/gcc/../../lib/gcc/x86_64-w64-mingw32/15.2.0/include-fixed"
ignoring duplicate directory "C:/mingw64/lib/gcc/../../lib/gcc/x86_64-w64-mingw32/15.2.0/../../../../x86_64-w64-mingw32/include"
ignoring nonexistent directory "C:/buildroot/x86_64-1520-mcf-seh-ucrt-rt_v13-rev0/mingw64/mingw/include"
#include "..." search starts here:
#include <...> search starts here:
 third_party\cmark-gfm\src
 C:/mingw64/bin/../lib/gcc/x86_64-w64-mingw32/15.2.0/include
 C:/mingw64/bin/../lib/gcc/x86_64-w64-mingw32/15.2.0/include-fixed
 C:/mingw64/bin/../lib/gcc/x86_64-w64-mingw32/15.2.0/../../../../x86_64-w64-mingw32/include
End of search list.
Compiler executable checksum: cefa2ebeb692ed00af38e59eabc88438
COLLECT_GCC_OPTIONS='-v' '-O2' '-std=c99' '-I' 'third_party\cmark-gfm\src' '-c' '-o' 'third_party\cmark-gfm\src\iterator.o' '-mtune=core2' '-march=nocona' '-dumpdir' 'third_party\cmark-gfm\src\'
 C:/mingw64/bin/../lib/gcc/x86_64-w64-mingw32/15.2.0/../../../../x86_64-w64-mingw32/bin/as.exe -v -I third_party\cmark-gfm\src -o third_party\cmark-gfm\src\iterator.o C:\Users\NALLEB~1\AppData\Local\Temp\ccYYy8Rd.s
GNU assembler version 2.45 (x86_64-w64-mingw32) using BFD version (GNU Binutils) 2.45
COMPILER_PATH=C:/mingw64/bin/../libexec/gcc/x86_64-w64-mingw32/15.2.0/;C:/mingw64/bin/../libexec/gcc/;C:/mingw64/bin/../lib/gcc/x86_64-w64-mingw32/15.2.0/../../../../x86_64-w64-mingw32/bin/
LIBRARY_PATH=C:/mingw64/bin/../lib/gcc/x86_64-w64-mingw32/15.2.0/;C:/mingw64/bin/../lib/gcc/;C:/mingw64/bin/../lib/gcc/x86_64-w64-mingw32/15.2.0/../../../../x86_64-w64-mingw32/lib/../lib/;C:/mingw64/bin/../lib/gcc/x86_64-w64-mingw32/15.2.0/../../../../lib/;C:/mingw64/bin/../lib/gcc/x86_64-w64-mingw32/15.2.0/../../../../x86_64-w64-mingw32/lib/;C:/mingw64/bin/../lib/gcc/x86_64-w64-mingw32/15.2.0/../../../
COLLECT_GCC_OPTIONS='-v' '-O2' '-std=c99' '-I' 'third_party\cmark-gfm\src' '-c' '-o' 'third_party\cmark-gfm\src\iterator.o' '-mtune=core2' '-march=nocona' '-dumpdir' 'third_party\cmark-gfm\src\iterator.'
Using built-in specs.
COLLECT_GCC=gcc
Target: x86_64-w64-mingw32
Configured with: ../../../src/gcc-15.2.0/configure --host=x86_64-w64-mingw32 --build=x86_64-w64-mingw32 --target=x86_64-w64-mingw32 --prefix=/mingw64 --with-sysroot=/c/buildroot/x86_64-1520-mcf-seh-ucrt-rt_v13-rev0/mingw64 --enable-host-shared --disable-multilib --enable-languages=c,c++,fortran,lto --enable-libstdcxx-time=yes --enable-threads=mcf --enable-libgomp --enable-libatomic --enable-lto --enable-graphite --enable-checking=release --enable-mingw-wildcard --enable-fully-dynamic-string --enable-version-specific-runtime-libs --enable-libstdcxx-filesystem-ts=yes --disable-libssp --disable-libstdcxx-pch --disable-libstdcxx-debug --enable-bootstrap --disable-rpath --disable-win32-registry --disable-nls --disable-werror --disable-symvers --with-gnu-as --with-gnu-ld --with-arch=nocona --with-tune=core2 --with-libiconv --with-system-zlib --with-gmp=/c/buildroot/prerequisites/x86_64-w64-mingw32-static --with-mpfr=/c/buildroot/prerequisites/x86_64-w64-mingw32-static --with-mpc=/c/buildroot/prerequisites/x86_64-w64-mingw32-static --with-isl=/c/buildroot/prerequisites/x86_64-w64-mingw32-static --with-pkgversion='x86_64-mcf-seh-rev0, Built by MinGW-Builds project' --with-bugurl=https://github.com/niXman/mingw-builds LD_FOR_TARGET=/c/buildroot/x86_64-1520-mcf-seh-ucrt-rt_v13-rev0/mingw64/bin/ld.exe --with-boot-ldflags='-pipe -fno-ident -L/c/buildroot/x86_64-1520-mcf-seh-ucrt-rt_v13-rev0/mingw64/opt/lib -L/c/buildroot/prerequisites/x86_64-zlib-static/lib -L/c/buildroot/prerequisites/x86_64-w64-mingw32-static/lib  -Wl,--disable-dynamicbase -static-libstdc++ -static-libgcc'
Thread model: mcf
Supported LTO compression algorithms: zlib
gcc version 15.2.0 (x86_64-mcf-seh-rev0, Built by MinGW-Builds project) 
COLLECT_GCC_OPTIONS='-v' '-O2' '-std=c99' '-I' 'third_party\cmark-gfm\src' '-c' '-o' 'third_party\cmark-gfm\src\latex.o' '-mtune=core2' '-march=nocona' '-dumpdir' 'third_party\cmark-gfm\src\'
 C:/mingw64/bin/../libexec/gcc/x86_64-w64-mingw32/15.2.0/cc1.exe -quiet -v -I third_party\cmark-gfm\src -iprefix C:/mingw64/bin/../lib/gcc/x86_64-w64-mingw32/15.2.0/ -U_REENTRANT third_party\cmark-gfm\src\latex.c -quiet -dumpdir third_party\cmark-gfm\src\ -dumpbase latex.c -dumpbase-ext .c -mtune=core2 -march=nocona -O2 -std=c99 -version -o C:\Users\NALLEB~1\AppData\Local\Temp\cc5fk9xg.s
GNU C99 (x86_64-mcf-seh-rev0, Built by MinGW-Builds project) version 15.2.0 (x86_64-w64-mingw32)
	compiled by GNU C version 15.2.0, GMP version 6.2.1, MPFR version 4.1.0, MPC version 1.2.1, isl version isl-0.27-GMP

GGC heuristics: --param ggc-min-expand=100 --param ggc-min-heapsize=131072
ignoring duplicate directory "C:/mingw64/lib/gcc/../../lib/gcc/x86_64-w64-mingw32/15.2.0/include"
ignoring nonexistent directory "C:/buildroot/x86_64-1520-mcf-seh-ucrt-rt_v13-rev0/mingw64D:/a/_temp/msys64/mingw64/lib/gcc/x86_64-w64-mingw32/15.2.0/../../../../include"
ignoring duplicate directory "C:/mingw64/lib/gcc/../../lib/gcc/x86_64-w64-mingw32/15.2.0/include-fixed"
ignoring duplicate directory "C:/mingw64/lib/gcc/../../lib/gcc/x86_64-w64-mingw32/15.2.0/../../../../x86_64-w64-mingw32/include"
ignoring nonexistent directory "C:/buildroot/x86_64-1520-mcf-seh-ucrt-rt_v13-rev0/mingw64/mingw/include"
#include "..." search starts here:
#include <...> search starts here:
 third_party\cmark-gfm\src
 C:/mingw64/bin/../lib/gcc/x86_64-w64-mingw32/15.2.0/include
 C:/mingw64/bin/../lib/gcc/x86_64-w64-mingw32/15.2.0/include-fixed
 C:/mingw64/bin/../lib/gcc/x86_64-w64-mingw32/15.2.0/../../../../x86_64-w64-mingw32/include
End of search list.
Compiler executable checksum: cefa2ebeb692ed00af38e59eabc88438
COLLECT_GCC_OPTIONS='-v' '-O2' '-std=c99' '-I' 'third_party\cmark-gfm\src' '-c' '-o' 'third_party\cmark-gfm\src\latex.o' '-mtune=core2' '-march=nocona' '-dumpdir' 'third_party\cmark-gfm\src\'
 C:/mingw64/bin/../lib/gcc/x86_64-w64-mingw32/15.2.0/../../../../x86_64-w64-mingw32/bin/as.exe -v -I third_party\cmark-gfm\src -o third_party\cmark-gfm\src\latex.o C:\Users\NALLEB~1\AppData\Local\Temp\cc5fk9xg.s
GNU assembler version 2.45 (x86_64-w64-mingw32) using BFD version (GNU Binutils) 2.45
COMPILER_PATH=C:/mingw64/bin/../libexec/gcc/x86_64-w64-mingw32/15.2.0/;C:/mingw64/bin/../libexec/gcc/;C:/mingw64/bin/../lib/gcc/x86_64-w64-mingw32/15.2.0/../../../../x86_64-w64-mingw32/bin/
LIBRARY_PATH=C:/mingw64/bin/../lib/gcc/x86_64-w64-mingw32/15.2.0/;C:/mingw64/bin/../lib/gcc/;C:/mingw64/bin/../lib/gcc/x86_64-w64-mingw32/15.2.0/../../../../x86_64-w64-mingw32/lib/../lib/;C:/mingw64/bin/../lib/gcc/x86_64-w64-mingw32/15.2.0/../../../../lib/;C:/mingw64/bin/../lib/gcc/x86_64-w64-mingw32/15.2.0/../../../../x86_64-w64-mingw32/lib/;C:/mingw64/bin/../lib/gcc/x86_64-w64-mingw32/15.2.0/../../../
COLLECT_GCC_OPTIONS='-v' '-O2' '-std=c99' '-I' 'third_party\cmark-gfm\src' '-c' '-o' 'third_party\cmark-gfm\src\latex.o' '-mtune=core2' '-march=nocona' '-dumpdir' 'third_party\cmark-gfm\src\latex.'
Using built-in specs.
COLLECT_GCC=gcc
Target: x86_64-w64-mingw32
Configured with: ../../../src/gcc-15.2.0/configure --host=x86_64-w64-mingw32 --build=x86_64-w64-mingw32 --target=x86_64-w64-mingw32 --prefix=/mingw64 --with-sysroot=/c/buildroot/x86_64-1520-mcf-seh-ucrt-rt_v13-rev0/mingw64 --enable-host-shared --disable-multilib --enable-languages=c,c++,fortran,lto --enable-libstdcxx-time=yes --enable-threads=mcf --enable-libgomp --enable-libatomic --enable-lto --enable-graphite --enable-checking=release --enable-mingw-wildcard --enable-fully-dynamic-string --enable-version-specific-runtime-libs --enable-libstdcxx-filesystem-ts=yes --disable-libssp --disable-libstdcxx-pch --disable-libstdcxx-debug --enable-bootstrap --disable-rpath --disable-win32-registry --disable-nls --disable-werror --disable-symvers --with-gnu-as --with-gnu-ld --with-arch=nocona --with-tune=core2 --with-libiconv --with-system-zlib --with-gmp=/c/buildroot/prerequisites/x86_64-w64-mingw32-static --with-mpfr=/c/buildroot/prerequisites/x86_64-w64-mingw32-static --with-mpc=/c/buildroot/prerequisites/x86_64-w64-mingw32-static --with-isl=/c/buildroot/prerequisites/x86_64-w64-mingw32-static --with-pkgversion='x86_64-mcf-seh-rev0, Built by MinGW-Builds project' --with-bugurl=https://github.com/niXman/mingw-builds LD_FOR_TARGET=/c/buildroot/x86_64-1520-mcf-seh-ucrt-rt_v13-rev0/mingw64/bin/ld.exe --with-boot-ldflags='-pipe -fno-ident -L/c/buildroot/x86_64-1520-mcf-seh-ucrt-rt_v13-rev0/mingw64/opt/lib -L/c/buildroot/prerequisites/x86_64-zlib-static/lib -L/c/buildroot/prerequisites/x86_64-w64-mingw32-static/lib  -Wl,--disable-dynamicbase -static-libstdc++ -static-libgcc'
Thread model: mcf
Supported LTO compression algorithms: zlib
gcc version 15.2.0 (x86_64-mcf-seh-rev0, Built by MinGW-Builds project) 
COLLECT_GCC_OPTIONS='-v' '-O2' '-std=c99' '-I' 'third_party\cmark-gfm\src' '-c' '-o' 'third_party\cmark-gfm\src\linked_list.o' '-mtune=core2' '-march=nocona' '-dumpdir' 'third_party\cmark-gfm\src\'
 C:/mingw64/bin/../libexec/gcc/x86_64-w64-mingw32/15.2.0/cc1.exe -quiet -v -I third_party\cmark-gfm\src -iprefix C:/mingw64/bin/../lib/gcc/x86_64-w64-mingw32/15.2.0/ -U_REENTRANT third_party\cmark-gfm\src\linked_list.c -quiet -dumpdir third_party\cmark-gfm\src\ -dumpbase linked_list.c -dumpbase-ext .c -mtune=core2 -march=nocona -O2 -std=c99 -version -o C:\Users\NALLEB~1\AppData\Local\Temp\ccbpNFPu.s
GNU C99 (x86_64-mcf-seh-rev0, Built by MinGW-Builds project) version 15.2.0 (x86_64-w64-mingw32)
	compiled by GNU C version 15.2.0, GMP version 6.2.1, MPFR version 4.1.0, MPC version 1.2.1, isl version isl-0.27-GMP

GGC heuristics: --param ggc-min-expand=100 --param ggc-min-heapsize=131072
ignoring duplicate directory "C:/mingw64/lib/gcc/../../lib/gcc/x86_64-w64-mingw32/15.2.0/include"
ignoring nonexistent directory "C:/buildroot/x86_64-1520-mcf-seh-ucrt-rt_v13-rev0/mingw64D:/a/_temp/msys64/mingw64/lib/gcc/x86_64-w64-mingw32/15.2.0/../../../../include"
ignoring duplicate directory "C:/mingw64/lib/gcc/../../lib/gcc/x86_64-w64-mingw32/15.2.0/include-fixed"
ignoring duplicate directory "C:/mingw64/lib/gcc/../../lib/gcc/x86_64-w64-mingw32/15.2.0/../../../../x86_64-w64-mingw32/include"
ignoring nonexistent directory "C:/buildroot/x86_64-1520-mcf-seh-ucrt-rt_v13-rev0/mingw64/mingw/include"
#include "..." search starts here:
#include <...> search starts here:
 third_party\cmark-gfm\src
 C:/mingw64/bin/../lib/gcc/x86_64-w64-mingw32/15.2.0/include
 C:/mingw64/bin/../lib/gcc/x86_64-w64-mingw32/15.2.0/include-fixed
 C:/mingw64/bin/../lib/gcc/x86_64-w64-mingw32/15.2.0/../../../../x86_64-w64-mingw32/include
End of search list.
Compiler executable checksum: cefa2ebeb692ed00af38e59eabc88438
COLLECT_GCC_OPTIONS='-v' '-O2' '-std=c99' '-I' 'third_party\cmark-gfm\src' '-c' '-o' 'third_party\cmark-gfm\src\linked_list.o' '-mtune=core2' '-march=nocona' '-dumpdir' 'third_party\cmark-gfm\src\'
 C:/mingw64/bin/../lib/gcc/x86_64-w64-mingw32/15.2.0/../../../../x86_64-w64-mingw32/bin/as.exe -v -I third_party\cmark-gfm\src -o third_party\cmark-gfm\src\linked_list.o C:\Users\NALLEB~1\AppData\Local\Temp\ccbpNFPu.s
GNU assembler version 2.45 (x86_64-w64-mingw32) using BFD version (GNU Binutils) 2.45
COMPILER_PATH=C:/mingw64/bin/../libexec/gcc/x86_64-w64-mingw32/15.2.0/;C:/mingw64/bin/../libexec/gcc/;C:/mingw64/bin/../lib/gcc/x86_64-w64-mingw32/15.2.0/../../../../x86_64-w64-mingw32/bin/
LIBRARY_PATH=C:/mingw64/bin/../lib/gcc/x86_64-w64-mingw32/15.2.0/;C:/mingw64/bin/../lib/gcc/;C:/mingw64/bin/../lib/gcc/x86_64-w64-mingw32/15.2.0/../../../../x86_64-w64-mingw32/lib/../lib/;C:/mingw64/bin/../lib/gcc/x86_64-w64-mingw32/15.2.0/../../../../lib/;C:/mingw64/bin/../lib/gcc/x86_64-w64-mingw32/15.2.0/../../../../x86_64-w64-mingw32/lib/;C:/mingw64/bin/../lib/gcc/x86_64-w64-mingw32/15.2.0/../../../
COLLECT_GCC_OPTIONS='-v' '-O2' '-std=c99' '-I' 'third_party\cmark-gfm\src' '-c' '-o' 'third_party\cmark-gfm\src\linked_list.o' '-mtune=core2' '-march=nocona' '-dumpdir' 'third_party\cmark-gfm\src\linked_list.'
Using built-in specs.
COLLECT_GCC=gcc
Target: x86_64-w64-mingw32
Configured with: ../../../src/gcc-15.2.0/configure --host=x86_64-w64-mingw32 --build=x86_64-w64-mingw32 --target=x86_64-w64-mingw32 --prefix=/mingw64 --with-sysroot=/c/buildroot/x86_64-1520-mcf-seh-ucrt-rt_v13-rev0/mingw64 --enable-host-shared --disable-multilib --enable-languages=c,c++,fortran,lto --enable-libstdcxx-time=yes --enable-threads=mcf --enable-libgomp --enable-libatomic --enable-lto --enable-graphite --enable-checking=release --enable-mingw-wildcard --enable-fully-dynamic-string --enable-version-specific-runtime-libs --enable-libstdcxx-filesystem-ts=yes --disable-libssp --disable-libstdcxx-pch --disable-libstdcxx-debug --enable-bootstrap --disable-rpath --disable-win32-registry --disable-nls --disable-werror --disable-symvers --with-gnu-as --with-gnu-ld --with-arch=nocona --with-tune=core2 --with-libiconv --with-system-zlib --with-gmp=/c/buildroot/prerequisites/x86_64-w64-mingw32-static --with-mpfr=/c/buildroot/prerequisites/x86_64-w64-mingw32-static --with-mpc=/c/buildroot/prerequisites/x86_64-w64-mingw32-static --with-isl=/c/buildroot/prerequisites/x86_64-w64-mingw32-static --with-pkgversion='x86_64-mcf-seh-rev0, Built by MinGW-Builds project' --with-bugurl=https://github.com/niXman/mingw-builds LD_FOR_TARGET=/c/buildroot/x86_64-1520-mcf-seh-ucrt-rt_v13-rev0/mingw64/bin/ld.exe --with-boot-ldflags='-pipe -fno-ident -L/c/buildroot/x86_64-1520-mcf-seh-ucrt-rt_v13-rev0/mingw64/opt/lib -L/c/buildroot/prerequisites/x86_64-zlib-static/lib -L/c/buildroot/prerequisites/x86_64-w64-mingw32-static/lib  -Wl,--disable-dynamicbase -static-libstdc++ -static-libgcc'
Thread model: mcf
Supported LTO compression algorithms: zlib
gcc version 15.2.0 (x86_64-mcf-seh-rev0, Built by MinGW-Builds project) 
COLLECT_GCC_OPTIONS='-v' '-O2' '-std=c99' '-I' 'third_party\cmark-gfm\src' '-c' '-o' 'third_party\cmark-gfm\src\man.o' '-mtune=core2' '-march=nocona' '-dumpdir' 'third_party\cmark-gfm\src\'
 C:/mingw64/bin/../libexec/gcc/x86_64-w64-mingw32/15.2.0/cc1.exe -quiet -v -I third_party\cmark-gfm\src -iprefix C:/mingw64/bin/../lib/gcc/x86_64-w64-mingw32/15.2.0/ -U_REENTRANT third_party\cmark-gfm\src\man.c -quiet -dumpdir third_party\cmark-gfm\src\ -dumpbase man.c -dumpbase-ext .c -mtune=core2 -march=nocona -O2 -std=c99 -version -o C:\Users\NALLEB~1\AppData\Local\Temp\cc192b7B.s
GNU C99 (x86_64-mcf-seh-rev0, Built by MinGW-Builds project) version 15.2.0 (x86_64-w64-mingw32)
	compiled by GNU C version 15.2.0, GMP version 6.2.1, MPFR version 4.1.0, MPC version 1.2.1, isl version isl-0.27-GMP

GGC heuristics: --param ggc-min-expand=100 --param ggc-min-heapsize=131072
ignoring duplicate directory "C:/mingw64/lib/gcc/../../lib/gcc/x86_64-w64-mingw32/15.2.0/include"
ignoring nonexistent directory "C:/buildroot/x86_64-1520-mcf-seh-ucrt-rt_v13-rev0/mingw64D:/a/_temp/msys64/mingw64/lib/gcc/x86_64-w64-mingw32/15.2.0/../../../../include"
ignoring duplicate directory "C:/mingw64/lib/gcc/../../lib/gcc/x86_64-w64-mingw32/15.2.0/include-fixed"
ignoring duplicate directory "C:/mingw64/lib/gcc/../../lib/gcc/x86_64-w64-mingw32/15.2.0/../../../../x86_64-w64-mingw32/include"
ignoring nonexistent directory "C:/buildroot/x86_64-1520-mcf-seh-ucrt-rt_v13-rev0/mingw64/mingw/include"
#include "..." search starts here:
#include <...> search starts here:
 third_party\cmark-gfm\src
 C:/mingw64/bin/../lib/gcc/x86_64-w64-mingw32/15.2.0/include
 C:/mingw64/bin/../lib/gcc/x86_64-w64-mingw32/15.2.0/include-fixed
 C:/mingw64/bin/../lib/gcc/x86_64-w64-mingw32/15.2.0/../../../../x86_64-w64-mingw32/include
End of search list.
Compiler executable checksum: cefa2ebeb692ed00af38e59eabc88438
COLLECT_GCC_OPTIONS='-v' '-O2' '-std=c99' '-I' 'third_party\cmark-gfm\src' '-c' '-o' 'third_party\cmark-gfm\src\man.o' '-mtune=core2' '-march=nocona' '-dumpdir' 'third_party\cmark-gfm\src\'
 C:/mingw64/bin/../lib/gcc/x86_64-w64-mingw32/15.2.0/../../../../x86_64-w64-mingw32/bin/as.exe -v -I third_party\cmark-gfm\src -o third_party\cmark-gfm\src\man.o C:\Users\NALLEB~1\AppData\Local\Temp\cc192b7B.s
GNU assembler version 2.45 (x86_64-w64-mingw32) using BFD version (GNU Binutils) 2.45
COMPILER_PATH=C:/mingw64/bin/../libexec/gcc/x86_64-w64-mingw32/15.2.0/;C:/mingw64/bin/../libexec/gcc/;C:/mingw64/bin/../lib/gcc/x86_64-w64-mingw32/15.2.0/../../../../x86_64-w64-mingw32/bin/
LIBRARY_PATH=C:/mingw64/bin/../lib/gcc/x86_64-w64-mingw32/15.2.0/;C:/mingw64/bin/../lib/gcc/;C:/mingw64/bin/../lib/gcc/x86_64-w64-mingw32/15.2.0/../../../../x86_64-w64-mingw32/lib/../lib/;C:/mingw64/bin/../lib/gcc/x86_64-w64-mingw32/15.2.0/../../../../lib/;C:/mingw64/bin/../lib/gcc/x86_64-w64-mingw32/15.2.0/../../../../x86_64-w64-mingw32/lib/;C:/mingw64/bin/../lib/gcc/x86_64-w64-mingw32/15.2.0/../../../
COLLECT_GCC_OPTIONS='-v' '-O2' '-std=c99' '-I' 'third_party\cmark-gfm\src' '-c' '-o' 'third_party\cmark-gfm\src\man.o' '-mtune=core2' '-march=nocona' '-dumpdir' 'third_party\cmark-gfm\src\man.'
Using built-in specs.
COLLECT_GCC=gcc
Target: x86_64-w64-mingw32
Configured with: ../../../src/gcc-15.2.0/configure --host=x86_64-w64-mingw32 --build=x86_64-w64-mingw32 --target=x86_64-w64-mingw32 --prefix=/mingw64 --with-sysroot=/c/buildroot/x86_64-1520-mcf-seh-ucrt-rt_v13-rev0/mingw64 --enable-host-shared --disable-multilib --enable-languages=c,c++,fortran,lto --enable-libstdcxx-time=yes --enable-threads=mcf --enable-libgomp --enable-libatomic --enable-lto --enable-graphite --enable-checking=release --enable-mingw-wildcard --enable-fully-dynamic-string --enable-version-specific-runtime-libs --enable-libstdcxx-filesystem-ts=yes --disable-libssp --disable-libstdcxx-pch --disable-libstdcxx-debug --enable-bootstrap --disable-rpath --disable-win32-registry --disable-nls --disable-werror --disable-symvers --with-gnu-as --with-gnu-ld --with-arch=nocona --with-tune=core2 --with-libiconv --with-system-zlib --with-gmp=/c/buildroot/prerequisites/x86_64-w64-mingw32-static --with-mpfr=/c/buildroot/prerequisites/x86_64-w64-mingw32-static --with-mpc=/c/buildroot/prerequisites/x86_64-w64-mingw32-static --with-isl=/c/buildroot/prerequisites/x86_64-w64-mingw32-static --with-pkgversion='x86_64-mcf-seh-rev0, Built by MinGW-Builds project' --with-bugurl=https://github.com/niXman/mingw-builds LD_FOR_TARGET=/c/buildroot/x86_64-1520-mcf-seh-ucrt-rt_v13-rev0/mingw64/bin/ld.exe --with-boot-ldflags='-pipe -fno-ident -L/c/buildroot/x86_64-1520-mcf-seh-ucrt-rt_v13-rev0/mingw64/opt/lib -L/c/buildroot/prerequisites/x86_64-zlib-static/lib -L/c/buildroot/prerequisites/x86_64-w64-mingw32-static/lib  -Wl,--disable-dynamicbase -static-libstdc++ -static-libgcc'
Thread model: mcf
Supported LTO compression algorithms: zlib
gcc version 15.2.0 (x86_64-mcf-seh-rev0, Built by MinGW-Builds project) 
COLLECT_GCC_OPTIONS='-v' '-O2' '-std=c99' '-I' 'third_party\cmark-gfm\src' '-c' '-o' 'third_party\cmark-gfm\src\map.o' '-mtune=core2' '-march=nocona' '-dumpdir' 'third_party\cmark-gfm\src\'
 C:/mingw64/bin/../libexec/gcc/x86_64-w64-mingw32/15.2.0/cc1.exe -quiet -v -I third_party\cmark-gfm\src -iprefix C:/mingw64/bin/../lib/gcc/x86_64-w64-mingw32/15.2.0/ -U_REENTRANT third_party\cmark-gfm\src\map.c -quiet -dumpdir third_party\cmark-gfm\src\ -dumpbase map.c -dumpbase-ext .c -mtune=core2 -march=nocona -O2 -std=c99 -version -o C:\Users\NALLEB~1\AppData\Local\Temp\ccPLUUpJ.s
GNU C99 (x86_64-mcf-seh-rev0, Built by MinGW-Builds project) version 15.2.0 (x86_64-w64-mingw32)
	compiled by GNU C version 15.2.0, GMP version 6.2.1, MPFR version 4.1.0, MPC version 1.2.1, isl version isl-0.27-GMP

GGC heuristics: --param ggc-min-expand=100 --param ggc-min-heapsize=131072
ignoring duplicate directory "C:/mingw64/lib/gcc/../../lib/gcc/x86_64-w64-mingw32/15.2.0/include"
ignoring nonexistent directory "C:/buildroot/x86_64-1520-mcf-seh-ucrt-rt_v13-rev0/mingw64D:/a/_temp/msys64/mingw64/lib/gcc/x86_64-w64-mingw32/15.2.0/../../../../include"
ignoring duplicate directory "C:/mingw64/lib/gcc/../../lib/gcc/x86_64-w64-mingw32/15.2.0/include-fixed"
ignoring duplicate directory "C:/mingw64/lib/gcc/../../lib/gcc/x86_64-w64-mingw32/15.2.0/../../../../x86_64-w64-mingw32/include"
ignoring nonexistent directory "C:/buildroot/x86_64-1520-mcf-seh-ucrt-rt_v13-rev0/mingw64/mingw/include"
#include "..." search starts here:
#include <...> search starts here:
 third_party\cmark-gfm\src
 C:/mingw64/bin/../lib/gcc/x86_64-w64-mingw32/15.2.0/include
 C:/mingw64/bin/../lib/gcc/x86_64-w64-mingw32/15.2.0/include-fixed
 C:/mingw64/bin/../lib/gcc/x86_64-w64-mingw32/15.2.0/../../../../x86_64-w64-mingw32/include
End of search list.
Compiler executable checksum: cefa2ebeb692ed00af38e59eabc88438
COLLECT_GCC_OPTIONS='-v' '-O2' '-std=c99' '-I' 'third_party\cmark-gfm\src' '-c' '-o' 'third_party\cmark-gfm\src\map.o' '-mtune=core2' '-march=nocona' '-dumpdir' 'third_party\cmark-gfm\src\'
 C:/mingw64/bin/../lib/gcc/x86_64-w64-mingw32/15.2.0/../../../../x86_64-w64-mingw32/bin/as.exe -v -I third_party\cmark-gfm\src -o third_party\cmark-gfm\src\map.o C:\Users\NALLEB~1\AppData\Local\Temp\ccPLUUpJ.s
GNU assembler version 2.45 (x86_64-w64-mingw32) using BFD version (GNU Binutils) 2.45
COMPILER_PATH=C:/mingw64/bin/../libexec/gcc/x86_64-w64-mingw32/15.2.0/;C:/mingw64/bin/../libexec/gcc/;C:/mingw64/bin/../lib/gcc/x86_64-w64-mingw32/15.2.0/../../../../x86_64-w64-mingw32/bin/
LIBRARY_PATH=C:/mingw64/bin/../lib/gcc/x86_64-w64-mingw32/15.2.0/;C:/mingw64/bin/../lib/gcc/;C:/mingw64/bin/../lib/gcc/x86_64-w64-mingw32/15.2.0/../../../../x86_64-w64-mingw32/lib/../lib/;C:/mingw64/bin/../lib/gcc/x86_64-w64-mingw32/15.2.0/../../../../lib/;C:/mingw64/bin/../lib/gcc/x86_64-w64-mingw32/15.2.0/../../../../x86_64-w64-mingw32/lib/;C:/mingw64/bin/../lib/gcc/x86_64-w64-mingw32/15.2.0/../../../
COLLECT_GCC_OPTIONS='-v' '-O2' '-std=c99' '-I' 'third_party\cmark-gfm\src' '-c' '-o' 'third_party\cmark-gfm\src\map.o' '-mtune=core2' '-march=nocona' '-dumpdir' 'third_party\cmark-gfm\src\map.'
Using built-in specs.
COLLECT_GCC=gcc
Target: x86_64-w64-mingw32
Configured with: ../../../src/gcc-15.2.0/configure --host=x86_64-w64-mingw32 --build=x86_64-w64-mingw32 --target=x86_64-w64-mingw32 --prefix=/mingw64 --with-sysroot=/c/buildroot/x86_64-1520-mcf-seh-ucrt-rt_v13-rev0/mingw64 --enable-host-shared --disable-multilib --enable-languages=c,c++,fortran,lto --enable-libstdcxx-time=yes --enable-threads=mcf --enable-libgomp --enable-libatomic --enable-lto --enable-graphite --enable-checking=release --enable-mingw-wildcard --enable-fully-dynamic-string --enable-version-specific-runtime-libs --enable-libstdcxx-filesystem-ts=yes --disable-libssp --disable-libstdcxx-pch --disable-libstdcxx-debug --enable-bootstrap --disable-rpath --disable-win32-registry --disable-nls --disable-werror --disable-symvers --with-gnu-as --with-gnu-ld --with-arch=nocona --with-tune=core2 --with-libiconv --with-system-zlib --with-gmp=/c/buildroot/prerequisites/x86_64-w64-mingw32-static --with-mpfr=/c/buildroot/prerequisites/x86_64-w64-mingw32-static --with-mpc=/c/buildroot/prerequisites/x86_64-w64-mingw32-static --with-isl=/c/buildroot/prerequisites/x86_64-w64-mingw32-static --with-pkgversion='x86_64-mcf-seh-rev0, Built by MinGW-Builds project' --with-bugurl=https://github.com/niXman/mingw-builds LD_FOR_TARGET=/c/buildroot/x86_64-1520-mcf-seh-ucrt-rt_v13-rev0/mingw64/bin/ld.exe --with-boot-ldflags='-pipe -fno-ident -L/c/buildroot/x86_64-1520-mcf-seh-ucrt-rt_v13-rev0/mingw64/opt/lib -L/c/buildroot/prerequisites/x86_64-zlib-static/lib -L/c/buildroot/prerequisites/x86_64-w64-mingw32-static/lib  -Wl,--disable-dynamicbase -static-libstdc++ -static-libgcc'
Thread model: mcf
Supported LTO compression algorithms: zlib
gcc version 15.2.0 (x86_64-mcf-seh-rev0, Built by MinGW-Builds project) 
COLLECT_GCC_OPTIONS='-v' '-O2' '-std=c99' '-I' 'third_party\cmark-gfm\src' '-c' '-o' 'third_party\cmark-gfm\src\node.o' '-mtune=core2' '-march=nocona' '-dumpdir' 'third_party\cmark-gfm\src\'
 C:/mingw64/bin/../libexec/gcc/x86_64-w64-mingw32/15.2.0/cc1.exe -quiet -v -I third_party\cmark-gfm\src -iprefix C:/mingw64/bin/../lib/gcc/x86_64-w64-mingw32/15.2.0/ -U_REENTRANT third_party\cmark-gfm\src\node.c -quiet -dumpdir third_party\cmark-gfm\src\ -dumpbase node.c -dumpbase-ext .c -mtune=core2 -march=nocona -O2 -std=c99 -version -o C:\Users\NALLEB~1\AppData\Local\Temp\ccr7xcjX.s
GNU C99 (x86_64-mcf-seh-rev0, Built by MinGW-Builds project) version 15.2.0 (x86_64-w64-mingw32)
	compiled by GNU C version 15.2.0, GMP version 6.2.1, MPFR version 4.1.0, MPC version 1.2.1, isl version isl-0.27-GMP

GGC heuristics: --param ggc-min-expand=100 --param ggc-min-heapsize=131072
ignoring duplicate directory "C:/mingw64/lib/gcc/../../lib/gcc/x86_64-w64-mingw32/15.2.0/include"
ignoring nonexistent directory "C:/buildroot/x86_64-1520-mcf-seh-ucrt-rt_v13-rev0/mingw64D:/a/_temp/msys64/mingw64/lib/gcc/x86_64-w64-mingw32/15.2.0/../../../../include"
ignoring duplicate directory "C:/mingw64/lib/gcc/../../lib/gcc/x86_64-w64-mingw32/15.2.0/include-fixed"
ignoring duplicate directory "C:/mingw64/lib/gcc/../../lib/gcc/x86_64-w64-mingw32/15.2.0/../../../../x86_64-w64-mingw32/include"
ignoring nonexistent directory "C:/buildroot/x86_64-1520-mcf-seh-ucrt-rt_v13-rev0/mingw64/mingw/include"
#include "..." search starts here:
#include <...> search starts here:
 third_party\cmark-gfm\src
 C:/mingw64/bin/../lib/gcc/x86_64-w64-mingw32/15.2.0/include
 C:/mingw64/bin/../lib/gcc/x86_64-w64-mingw32/15.2.0/include-fixed
 C:/mingw64/bin/../lib/gcc/x86_64-w64-mingw32/15.2.0/../../../../x86_64-w64-mingw32/include
End of search list.
Compiler executable checksum: cefa2ebeb692ed00af38e59eabc88438
COLLECT_GCC_OPTIONS='-v' '-O2' '-std=c99' '-I' 'third_party\cmark-gfm\src' '-c' '-o' 'third_party\cmark-gfm\src\node.o' '-mtune=core2' '-march=nocona' '-dumpdir' 'third_party\cmark-gfm\src\'
 C:/mingw64/bin/../lib/gcc/x86_64-w64-mingw32/15.2.0/../../../../x86_64-w64-mingw32/bin/as.exe -v -I third_party\cmark-gfm\src -o third_party\cmark-gfm\src\node.o C:\Users\NALLEB~1\AppData\Local\Temp\ccr7xcjX.s
GNU assembler version 2.45 (x86_64-w64-mingw32) using BFD version (GNU Binutils) 2.45
COMPILER_PATH=C:/mingw64/bin/../libexec/gcc/x86_64-w64-mingw32/15.2.0/;C:/mingw64/bin/../libexec/gcc/;C:/mingw64/bin/../lib/gcc/x86_64-w64-mingw32/15.2.0/../../../../x86_64-w64-mingw32/bin/
LIBRARY_PATH=C:/mingw64/bin/../lib/gcc/x86_64-w64-mingw32/15.2.0/;C:/mingw64/bin/../lib/gcc/;C:/mingw64/bin/../lib/gcc/x86_64-w64-mingw32/15.2.0/../../../../x86_64-w64-mingw32/lib/../lib/;C:/mingw64/bin/../lib/gcc/x86_64-w64-mingw32/15.2.0/../../../../lib/;C:/mingw64/bin/../lib/gcc/x86_64-w64-mingw32/15.2.0/../../../../x86_64-w64-mingw32/lib/;C:/mingw64/bin/../lib/gcc/x86_64-w64-mingw32/15.2.0/../../../
COLLECT_GCC_OPTIONS='-v' '-O2' '-std=c99' '-I' 'third_party\cmark-gfm\src' '-c' '-o' 'third_party\cmark-gfm\src\node.o' '-mtune=core2' '-march=nocona' '-dumpdir' 'third_party\cmark-gfm\src\node.'
Using built-in specs.
COLLECT_GCC=gcc
Target: x86_64-w64-mingw32
Configured with: ../../../src/gcc-15.2.0/configure --host=x86_64-w64-mingw32 --build=x86_64-w64-mingw32 --target=x86_64-w64-mingw32 --prefix=/mingw64 --with-sysroot=/c/buildroot/x86_64-1520-mcf-seh-ucrt-rt_v13-rev0/mingw64 --enable-host-shared --disable-multilib --enable-languages=c,c++,fortran,lto --enable-libstdcxx-time=yes --enable-threads=mcf --enable-libgomp --enable-libatomic --enable-lto --enable-graphite --enable-checking=release --enable-mingw-wildcard --enable-fully-dynamic-string --enable-version-specific-runtime-libs --enable-libstdcxx-filesystem-ts=yes --disable-libssp --disable-libstdcxx-pch --disable-libstdcxx-debug --enable-bootstrap --disable-rpath --disable-win32-registry --disable-nls --disable-werror --disable-symvers --with-gnu-as --with-gnu-ld --with-arch=nocona --with-tune=core2 --with-libiconv --with-system-zlib --with-gmp=/c/buildroot/prerequisites/x86_64-w64-mingw32-static --with-mpfr=/c/buildroot/prerequisites/x86_64-w64-mingw32-static --with-mpc=/c/buildroot/prerequisites/x86_64-w64-mingw32-static --with-isl=/c/buildroot/prerequisites/x86_64-w64-mingw32-static --with-pkgversion='x86_64-mcf-seh-rev0, Built by MinGW-Builds project' --with-bugurl=https://github.com/niXman/mingw-builds LD_FOR_TARGET=/c/buildroot/x86_64-1520-mcf-seh-ucrt-rt_v13-rev0/mingw64/bin/ld.exe --with-boot-ldflags='-pipe -fno-ident -L/c/buildroot/x86_64-1520-mcf-seh-ucrt-rt_v13-rev0/mingw64/opt/lib -L/c/buildroot/prerequisites/x86_64-zlib-static/lib -L/c/buildroot/prerequisites/x86_64-w64-mingw32-static/lib  -Wl,--disable-dynamicbase -static-libstdc++ -static-libgcc'
Thread model: mcf
Supported LTO compression algorithms: zlib
gcc version 15.2.0 (x86_64-mcf-seh-rev0, Built by MinGW-Builds project) 
COLLECT_GCC_OPTIONS='-v' '-O2' '-std=c99' '-I' 'third_party\cmark-gfm\src' '-c' '-o' 'third_party\cmark-gfm\src\plaintext.o' '-mtune=core2' '-march=nocona' '-dumpdir' 'third_party\cmark-gfm\src\'
 C:/mingw64/bin/../libexec/gcc/x86_64-w64-mingw32/15.2.0/cc1.exe -quiet -v -I third_party\cmark-gfm\src -iprefix C:/mingw64/bin/../lib/gcc/x86_64-w64-mingw32/15.2.0/ -U_REENTRANT third_party\cmark-gfm\src\plaintext.c -quiet -dumpdir third_party\cmark-gfm\src\ -dumpbase plaintext.c -dumpbase-ext .c -mtune=core2 -march=nocona -O2 -std=c99 -version -o C:\Users\NALLEB~1\AppData\Local\Temp\cc7ApP6j.s
GNU C99 (x86_64-mcf-seh-rev0, Built by MinGW-Builds project) version 15.2.0 (x86_64-w64-mingw32)
	compiled by GNU C version 15.2.0, GMP version 6.2.1, MPFR version 4.1.0, MPC version 1.2.1, isl version isl-0.27-GMP

GGC heuristics: --param ggc-min-expand=100 --param ggc-min-heapsize=131072
ignoring duplicate directory "C:/mingw64/lib/gcc/../../lib/gcc/x86_64-w64-mingw32/15.2.0/include"
ignoring nonexistent directory "C:/buildroot/x86_64-1520-mcf-seh-ucrt-rt_v13-rev0/mingw64D:/a/_temp/msys64/mingw64/lib/gcc/x86_64-w64-mingw32/15.2.0/../../../../include"
ignoring duplicate directory "C:/mingw64/lib/gcc/../../lib/gcc/x86_64-w64-mingw32/15.2.0/include-fixed"
ignoring duplicate directory "C:/mingw64/lib/gcc/../../lib/gcc/x86_64-w64-mingw32/15.2.0/../../../../x86_64-w64-mingw32/include"
ignoring nonexistent directory "C:/buildroot/x86_64-1520-mcf-seh-ucrt-rt_v13-rev0/mingw64/mingw/include"
#include "..." search starts here:
#include <...> search starts here:
 third_party\cmark-gfm\src
 C:/mingw64/bin/../lib/gcc/x86_64-w64-mingw32/15.2.0/include
 C:/mingw64/bin/../lib/gcc/x86_64-w64-mingw32/15.2.0/include-fixed
 C:/mingw64/bin/../lib/gcc/x86_64-w64-mingw32/15.2.0/../../../../x86_64-w64-mingw32/include
End of search list.
Compiler executable checksum: cefa2ebeb692ed00af38e59eabc88438
COLLECT_GCC_OPTIONS='-v' '-O2' '-std=c99' '-I' 'third_party\cmark-gfm\src' '-c' '-o' 'third_party\cmark-gfm\src\plaintext.o' '-mtune=core2' '-march=nocona' '-dumpdir' 'third_party\cmark-gfm\src\'
 C:/mingw64/bin/../lib/gcc/x86_64-w64-mingw32/15.2.0/../../../../x86_64-w64-mingw32/bin/as.exe -v -I third_party\cmark-gfm\src -o third_party\cmark-gfm\src\plaintext.o C:\Users\NALLEB~1\AppData\Local\Temp\cc7ApP6j.s
GNU assembler version 2.45 (x86_64-w64-mingw32) using BFD version (GNU Binutils) 2.45
COMPILER_PATH=C:/mingw64/bin/../libexec/gcc/x86_64-w64-mingw32/15.2.0/;C:/mingw64/bin/../libexec/gcc/;C:/mingw64/bin/../lib/gcc/x86_64-w64-mingw32/15.2.0/../../../../x86_64-w64-mingw32/bin/
LIBRARY_PATH=C:/mingw64/bin/../lib/gcc/x86_64-w64-mingw32/15.2.0/;C:/mingw64/bin/../lib/gcc/;C:/mingw64/bin/../lib/gcc/x86_64-w64-mingw32/15.2.0/../../../../x86_64-w64-mingw32/lib/../lib/;C:/mingw64/bin/../lib/gcc/x86_64-w64-mingw32/15.2.0/../../../../lib/;C:/mingw64/bin/../lib/gcc/x86_64-w64-mingw32/15.2.0/../../../../x86_64-w64-mingw32/lib/;C:/mingw64/bin/../lib/gcc/x86_64-w64-mingw32/15.2.0/../../../
COLLECT_GCC_OPTIONS='-v' '-O2' '-std=c99' '-I' 'third_party\cmark-gfm\src' '-c' '-o' 'third_party\cmark-gfm\src\plaintext.o' '-mtune=core2' '-march=nocona' '-dumpdir' 'third_party\cmark-gfm\src\plaintext.'
Using built-in specs.
COLLECT_GCC=gcc
Target: x86_64-w64-mingw32
Configured with: ../../../src/gcc-15.2.0/configure --host=x86_64-w64-mingw32 --build=x86_64-w64-mingw32 --target=x86_64-w64-mingw32 --prefix=/mingw64 --with-sysroot=/c/buildroot/x86_64-1520-mcf-seh-ucrt-rt_v13-rev0/mingw64 --enable-host-shared --disable-multilib --enable-languages=c,c++,fortran,lto --enable-libstdcxx-time=yes --enable-threads=mcf --enable-libgomp --enable-libatomic --enable-lto --enable-graphite --enable-checking=release --enable-mingw-wildcard --enable-fully-dynamic-string --enable-version-specific-runtime-libs --enable-libstdcxx-filesystem-ts=yes --disable-libssp --disable-libstdcxx-pch --disable-libstdcxx-debug --enable-bootstrap --disable-rpath --disable-win32-registry --disable-nls --disable-werror --disable-symvers --with-gnu-as --with-gnu-ld --with-arch=nocona --with-tune=core2 --with-libiconv --with-system-zlib --with-gmp=/c/buildroot/prerequisites/x86_64-w64-mingw32-static --with-mpfr=/c/buildroot/prerequisites/x86_64-w64-mingw32-static --with-mpc=/c/buildroot/prerequisites/x86_64-w64-mingw32-static --with-isl=/c/buildroot/prerequisites/x86_64-w64-mingw32-static --with-pkgversion='x86_64-mcf-seh-rev0, Built by MinGW-Builds project' --with-bugurl=https://github.com/niXman/mingw-builds LD_FOR_TARGET=/c/buildroot/x86_64-1520-mcf-seh-ucrt-rt_v13-rev0/mingw64/bin/ld.exe --with-boot-ldflags='-pipe -fno-ident -L/c/buildroot/x86_64-1520-mcf-seh-ucrt-rt_v13-rev0/mingw64/opt/lib -L/c/buildroot/prerequisites/x86_64-zlib-static/lib -L/c/buildroot/prerequisites/x86_64-w64-mingw32-static/lib  -Wl,--disable-dynamicbase -static-libstdc++ -static-libgcc'
Thread model: mcf
Supported LTO compression algorithms: zlib
gcc version 15.2.0 (x86_64-mcf-seh-rev0, Built by MinGW-Builds project) 
COLLECT_GCC_OPTIONS='-v' '-O2' '-std=c99' '-I' 'third_party\cmark-gfm\src' '-c' '-o' 'third_party\cmark-gfm\src\plugin.o' '-mtune=core2' '-march=nocona' '-dumpdir' 'third_party\cmark-gfm\src\'
 C:/mingw64/bin/../libexec/gcc/x86_64-w64-mingw32/15.2.0/cc1.exe -quiet -v -I third_party\cmark-gfm\src -iprefix C:/mingw64/bin/../lib/gcc/x86_64-w64-mingw32/15.2.0/ -U_REENTRANT third_party\cmark-gfm\src\plugin.c -quiet -dumpdir third_party\cmark-gfm\src\ -dumpbase plugin.c -dumpbase-ext .c -mtune=core2 -march=nocona -O2 -std=c99 -version -o C:\Users\NALLEB~1\AppData\Local\Temp\cccL2Jdl.s
GNU C99 (x86_64-mcf-seh-rev0, Built by MinGW-Builds project) version 15.2.0 (x86_64-w64-mingw32)
	compiled by GNU C version 15.2.0, GMP version 6.2.1, MPFR version 4.1.0, MPC version 1.2.1, isl version isl-0.27-GMP

GGC heuristics: --param ggc-min-expand=100 --param ggc-min-heapsize=131072
ignoring duplicate directory "C:/mingw64/lib/gcc/../../lib/gcc/x86_64-w64-mingw32/15.2.0/include"
ignoring nonexistent directory "C:/buildroot/x86_64-1520-mcf-seh-ucrt-rt_v13-rev0/mingw64D:/a/_temp/msys64/mingw64/lib/gcc/x86_64-w64-mingw32/15.2.0/../../../../include"
ignoring duplicate directory "C:/mingw64/lib/gcc/../../lib/gcc/x86_64-w64-mingw32/15.2.0/include-fixed"
ignoring duplicate directory "C:/mingw64/lib/gcc/../../lib/gcc/x86_64-w64-mingw32/15.2.0/../../../../x86_64-w64-mingw32/include"
ignoring nonexistent directory "C:/buildroot/x86_64-1520-mcf-seh-ucrt-rt_v13-rev0/mingw64/mingw/include"
#include "..." search starts here:
#include <...> search starts here:
 third_party\cmark-gfm\src
 C:/mingw64/bin/../lib/gcc/x86_64-w64-mingw32/15.2.0/include
 C:/mingw64/bin/../lib/gcc/x86_64-w64-mingw32/15.2.0/include-fixed
 C:/mingw64/bin/../lib/gcc/x86_64-w64-mingw32/15.2.0/../../../../x86_64-w64-mingw32/include
End of search list.
Compiler executable checksum: cefa2ebeb692ed00af38e59eabc88438
COLLECT_GCC_OPTIONS='-v' '-O2' '-std=c99' '-I' 'third_party\cmark-gfm\src' '-c' '-o' 'third_party\cmark-gfm\src\plugin.o' '-mtune=core2' '-march=nocona' '-dumpdir' 'third_party\cmark-gfm\src\'
 C:/mingw64/bin/../lib/gcc/x86_64-w64-mingw32/15.2.0/../../../../x86_64-w64-mingw32/bin/as.exe -v -I third_party\cmark-gfm\src -o third_party\cmark-gfm\src\plugin.o C:\Users\NALLEB~1\AppData\Local\Temp\cccL2Jdl.s
GNU assembler version 2.45 (x86_64-w64-mingw32) using BFD version (GNU Binutils) 2.45
COMPILER_PATH=C:/mingw64/bin/../libexec/gcc/x86_64-w64-mingw32/15.2.0/;C:/mingw64/bin/../libexec/gcc/;C:/mingw64/bin/../lib/gcc/x86_64-w64-mingw32/15.2.0/../../../../x86_64-w64-mingw32/bin/
LIBRARY_PATH=C:/mingw64/bin/../lib/gcc/x86_64-w64-mingw32/15.2.0/;C:/mingw64/bin/../lib/gcc/;C:/mingw64/bin/../lib/gcc/x86_64-w64-mingw32/15.2.0/../../../../x86_64-w64-mingw32/lib/../lib/;C:/mingw64/bin/../lib/gcc/x86_64-w64-mingw32/15.2.0/../../../../lib/;C:/mingw64/bin/../lib/gcc/x86_64-w64-mingw32/15.2.0/../../../../x86_64-w64-mingw32/lib/;C:/mingw64/bin/../lib/gcc/x86_64-w64-mingw32/15.2.0/../../../
COLLECT_GCC_OPTIONS='-v' '-O2' '-std=c99' '-I' 'third_party\cmark-gfm\src' '-c' '-o' 'third_party\cmark-gfm\src\plugin.o' '-mtune=core2' '-march=nocona' '-dumpdir' 'third_party\cmark-gfm\src\plugin.'
Using built-in specs.
COLLECT_GCC=gcc
Target: x86_64-w64-mingw32
Configured with: ../../../src/gcc-15.2.0/configure --host=x86_64-w64-mingw32 --build=x86_64-w64-mingw32 --target=x86_64-w64-mingw32 --prefix=/mingw64 --with-sysroot=/c/buildroot/x86_64-1520-mcf-seh-ucrt-rt_v13-rev0/mingw64 --enable-host-shared --disable-multilib --enable-languages=c,c++,fortran,lto --enable-libstdcxx-time=yes --enable-threads=mcf --enable-libgomp --enable-libatomic --enable-lto --enable-graphite --enable-checking=release --enable-mingw-wildcard --enable-fully-dynamic-string --enable-version-specific-runtime-libs --enable-libstdcxx-filesystem-ts=yes --disable-libssp --disable-libstdcxx-pch --disable-libstdcxx-debug --enable-bootstrap --disable-rpath --disable-win32-registry --disable-nls --disable-werror --disable-symvers --with-gnu-as --with-gnu-ld --with-arch=nocona --with-tune=core2 --with-libiconv --with-system-zlib --with-gmp=/c/buildroot/prerequisites/x86_64-w64-mingw32-static --with-mpfr=/c/buildroot/prerequisites/x86_64-w64-mingw32-static --with-mpc=/c/buildroot/prerequisites/x86_64-w64-mingw32-static --with-isl=/c/buildroot/prerequisites/x86_64-w64-mingw32-static --with-pkgversion='x86_64-mcf-seh-rev0, Built by MinGW-Builds project' --with-bugurl=https://github.com/niXman/mingw-builds LD_FOR_TARGET=/c/buildroot/x86_64-1520-mcf-seh-ucrt-rt_v13-rev0/mingw64/bin/ld.exe --with-boot-ldflags='-pipe -fno-ident -L/c/buildroot/x86_64-1520-mcf-seh-ucrt-rt_v13-rev0/mingw64/opt/lib -L/c/buildroot/prerequisites/x86_64-zlib-static/lib -L/c/buildroot/prerequisites/x86_64-w64-mingw32-static/lib  -Wl,--disable-dynamicbase -static-libstdc++ -static-libgcc'
Thread model: mcf
Supported LTO compression algorithms: zlib
gcc version 15.2.0 (x86_64-mcf-seh-rev0, Built by MinGW-Builds project) 
COLLECT_GCC_OPTIONS='-v' '-O2' '-std=c99' '-I' 'third_party\cmark-gfm\src' '-c' '-o' 'third_party\cmark-gfm\src\references.o' '-mtune=core2' '-march=nocona' '-dumpdir' 'third_party\cmark-gfm\src\'
 C:/mingw64/bin/../libexec/gcc/x86_64-w64-mingw32/15.2.0/cc1.exe -quiet -v -I third_party\cmark-gfm\src -iprefix C:/mingw64/bin/../lib/gcc/x86_64-w64-mingw32/15.2.0/ -U_REENTRANT third_party\cmark-gfm\src\references.c -quiet -dumpdir third_party\cmark-gfm\src\ -dumpbase references.c -dumpbase-ext .c -mtune=core2 -march=nocona -O2 -std=c99 -version -o C:\Users\NALLEB~1\AppData\Local\Temp\ccawve7r.s
GNU C99 (x86_64-mcf-seh-rev0, Built by MinGW-Builds project) version 15.2.0 (x86_64-w64-mingw32)
	compiled by GNU C version 15.2.0, GMP version 6.2.1, MPFR version 4.1.0, MPC version 1.2.1, isl version isl-0.27-GMP

GGC heuristics: --param ggc-min-expand=100 --param ggc-min-heapsize=131072
ignoring duplicate directory "C:/mingw64/lib/gcc/../../lib/gcc/x86_64-w64-mingw32/15.2.0/include"
ignoring nonexistent directory "C:/buildroot/x86_64-1520-mcf-seh-ucrt-rt_v13-rev0/mingw64D:/a/_temp/msys64/mingw64/lib/gcc/x86_64-w64-mingw32/15.2.0/../../../../include"
ignoring duplicate directory "C:/mingw64/lib/gcc/../../lib/gcc/x86_64-w64-mingw32/15.2.0/include-fixed"
ignoring duplicate directory "C:/mingw64/lib/gcc/../../lib/gcc/x86_64-w64-mingw32/15.2.0/../../../../x86_64-w64-mingw32/include"
ignoring nonexistent directory "C:/buildroot/x86_64-1520-mcf-seh-ucrt-rt_v13-rev0/mingw64/mingw/include"
#include "..." search starts here:
#include <...> search starts here:
 third_party\cmark-gfm\src
 C:/mingw64/bin/../lib/gcc/x86_64-w64-mingw32/15.2.0/include
 C:/mingw64/bin/../lib/gcc/x86_64-w64-mingw32/15.2.0/include-fixed
 C:/mingw64/bin/../lib/gcc/x86_64-w64-mingw32/15.2.0/../../../../x86_64-w64-mingw32/include
End of search list.
Compiler executable checksum: cefa2ebeb692ed00af38e59eabc88438
COLLECT_GCC_OPTIONS='-v' '-O2' '-std=c99' '-I' 'third_party\cmark-gfm\src' '-c' '-o' 'third_party\cmark-gfm\src\references.o' '-mtune=core2' '-march=nocona' '-dumpdir' 'third_party\cmark-gfm\src\'
 C:/mingw64/bin/../lib/gcc/x86_64-w64-mingw32/15.2.0/../../../../x86_64-w64-mingw32/bin/as.exe -v -I third_party\cmark-gfm\src -o third_party\cmark-gfm\src\references.o C:\Users\NALLEB~1\AppData\Local\Temp\ccawve7r.s
GNU assembler version 2.45 (x86_64-w64-mingw32) using BFD version (GNU Binutils) 2.45
COMPILER_PATH=C:/mingw64/bin/../libexec/gcc/x86_64-w64-mingw32/15.2.0/;C:/mingw64/bin/../libexec/gcc/;C:/mingw64/bin/../lib/gcc/x86_64-w64-mingw32/15.2.0/../../../../x86_64-w64-mingw32/bin/
LIBRARY_PATH=C:/mingw64/bin/../lib/gcc/x86_64-w64-mingw32/15.2.0/;C:/mingw64/bin/../lib/gcc/;C:/mingw64/bin/../lib/gcc/x86_64-w64-mingw32/15.2.0/../../../../x86_64-w64-mingw32/lib/../lib/;C:/mingw64/bin/../lib/gcc/x86_64-w64-mingw32/15.2.0/../../../../lib/;C:/mingw64/bin/../lib/gcc/x86_64-w64-mingw32/15.2.0/../../../../x86_64-w64-mingw32/lib/;C:/mingw64/bin/../lib/gcc/x86_64-w64-mingw32/15.2.0/../../../
COLLECT_GCC_OPTIONS='-v' '-O2' '-std=c99' '-I' 'third_party\cmark-gfm\src' '-c' '-o' 'third_party\cmark-gfm\src\references.o' '-mtune=core2' '-march=nocona' '-dumpdir' 'third_party\cmark-gfm\src\references.'
Using built-in specs.
COLLECT_GCC=gcc
Target: x86_64-w64-mingw32
Configured with: ../../../src/gcc-15.2.0/configure --host=x86_64-w64-mingw32 --build=x86_64-w64-mingw32 --target=x86_64-w64-mingw32 --prefix=/mingw64 --with-sysroot=/c/buildroot/x86_64-1520-mcf-seh-ucrt-rt_v13-rev0/mingw64 --enable-host-shared --disable-multilib --enable-languages=c,c++,fortran,lto --enable-libstdcxx-time=yes --enable-threads=mcf --enable-libgomp --enable-libatomic --enable-lto --enable-graphite --enable-checking=release --enable-mingw-wildcard --enable-fully-dynamic-string --enable-version-specific-runtime-libs --enable-libstdcxx-filesystem-ts=yes --disable-libssp --disable-libstdcxx-pch --disable-libstdcxx-debug --enable-bootstrap --disable-rpath --disable-win32-registry --disable-nls --disable-werror --disable-symvers --with-gnu-as --with-gnu-ld --with-arch=nocona --with-tune=core2 --with-libiconv --with-system-zlib --with-gmp=/c/buildroot/prerequisites/x86_64-w64-mingw32-static --with-mpfr=/c/buildroot/prerequisites/x86_64-w64-mingw32-static --with-mpc=/c/buildroot/prerequisites/x86_64-w64-mingw32-static --with-isl=/c/buildroot/prerequisites/x86_64-w64-mingw32-static --with-pkgversion='x86_64-mcf-seh-rev0, Built by MinGW-Builds project' --with-bugurl=https://github.com/niXman/mingw-builds LD_FOR_TARGET=/c/buildroot/x86_64-1520-mcf-seh-ucrt-rt_v13-rev0/mingw64/bin/ld.exe --with-boot-ldflags='-pipe -fno-ident -L/c/buildroot/x86_64-1520-mcf-seh-ucrt-rt_v13-rev0/mingw64/opt/lib -L/c/buildroot/prerequisites/x86_64-zlib-static/lib -L/c/buildroot/prerequisites/x86_64-w64-mingw32-static/lib  -Wl,--disable-dynamicbase -static-libstdc++ -static-libgcc'
Thread model: mcf
Supported LTO compression algorithms: zlib
gcc version 15.2.0 (x86_64-mcf-seh-rev0, Built by MinGW-Builds project) 
COLLECT_GCC_OPTIONS='-v' '-O2' '-std=c99' '-I' 'third_party\cmark-gfm\src' '-c' '-o' 'third_party\cmark-gfm\src\registry.o' '-mtune=core2' '-march=nocona' '-dumpdir' 'third_party\cmark-gfm\src\'
 C:/mingw64/bin/../libexec/gcc/x86_64-w64-mingw32/15.2.0/cc1.exe -quiet -v -I third_party\cmark-gfm\src -iprefix C:/mingw64/bin/../lib/gcc/x86_64-w64-mingw32/15.2.0/ -U_REENTRANT third_party\cmark-gfm\src\registry.c -quiet -dumpdir third_party\cmark-gfm\src\ -dumpbase registry.c -dumpbase-ext .c -mtune=core2 -march=nocona -O2 -std=c99 -version -o C:\Users\NALLEB~1\AppData\Local\Temp\cc4Iiw8B.s
GNU C99 (x86_64-mcf-seh-rev0, Built by MinGW-Builds project) version 15.2.0 (x86_64-w64-mingw32)
	compiled by GNU C version 15.2.0, GMP version 6.2.1, MPFR version 4.1.0, MPC version 1.2.1, isl version isl-0.27-GMP

GGC heuristics: --param ggc-min-expand=100 --param ggc-min-heapsize=131072
ignoring duplicate directory "C:/mingw64/lib/gcc/../../lib/gcc/x86_64-w64-mingw32/15.2.0/include"
ignoring nonexistent directory "C:/buildroot/x86_64-1520-mcf-seh-ucrt-rt_v13-rev0/mingw64D:/a/_temp/msys64/mingw64/lib/gcc/x86_64-w64-mingw32/15.2.0/../../../../include"
ignoring duplicate directory "C:/mingw64/lib/gcc/../../lib/gcc/x86_64-w64-mingw32/15.2.0/include-fixed"
ignoring duplicate directory "C:/mingw64/lib/gcc/../../lib/gcc/x86_64-w64-mingw32/15.2.0/../../../../x86_64-w64-mingw32/include"
ignoring nonexistent directory "C:/buildroot/x86_64-1520-mcf-seh-ucrt-rt_v13-rev0/mingw64/mingw/include"
#include "..." search starts here:
#include <...> search starts here:
 third_party\cmark-gfm\src
 C:/mingw64/bin/../lib/gcc/x86_64-w64-mingw32/15.2.0/include
 C:/mingw64/bin/../lib/gcc/x86_64-w64-mingw32/15.2.0/include-fixed
 C:/mingw64/bin/../lib/gcc/x86_64-w64-mingw32/15.2.0/../../../../x86_64-w64-mingw32/include
End of search list.
Compiler executable checksum: cefa2ebeb692ed00af38e59eabc88438
COLLECT_GCC_OPTIONS='-v' '-O2' '-std=c99' '-I' 'third_party\cmark-gfm\src' '-c' '-o' 'third_party\cmark-gfm\src\registry.o' '-mtune=core2' '-march=nocona' '-dumpdir' 'third_party\cmark-gfm\src\'
 C:/mingw64/bin/../lib/gcc/x86_64-w64-mingw32/15.2.0/../../../../x86_64-w64-mingw32/bin/as.exe -v -I third_party\cmark-gfm\src -o third_party\cmark-gfm\src\registry.o C:\Users\NALLEB~1\AppData\Local\Temp\cc4Iiw8B.s
GNU assembler version 2.45 (x86_64-w64-mingw32) using BFD version (GNU Binutils) 2.45
COMPILER_PATH=C:/mingw64/bin/../libexec/gcc/x86_64-w64-mingw32/15.2.0/;C:/mingw64/bin/../libexec/gcc/;C:/mingw64/bin/../lib/gcc/x86_64-w64-mingw32/15.2.0/../../../../x86_64-w64-mingw32/bin/
LIBRARY_PATH=C:/mingw64/bin/../lib/gcc/x86_64-w64-mingw32/15.2.0/;C:/mingw64/bin/../lib/gcc/;C:/mingw64/bin/../lib/gcc/x86_64-w64-mingw32/15.2.0/../../../../x86_64-w64-mingw32/lib/../lib/;C:/mingw64/bin/../lib/gcc/x86_64-w64-mingw32/15.2.0/../../../../lib/;C:/mingw64/bin/../lib/gcc/x86_64-w64-mingw32/15.2.0/../../../../x86_64-w64-mingw32/lib/;C:/mingw64/bin/../lib/gcc/x86_64-w64-mingw32/15.2.0/../../../
COLLECT_GCC_OPTIONS='-v' '-O2' '-std=c99' '-I' 'third_party\cmark-gfm\src' '-c' '-o' 'third_party\cmark-gfm\src\registry.o' '-mtune=core2' '-march=nocona' '-dumpdir' 'third_party\cmark-gfm\src\registry.'
Using built-in specs.
COLLECT_GCC=gcc
Target: x86_64-w64-mingw32
Configured with: ../../../src/gcc-15.2.0/configure --host=x86_64-w64-mingw32 --build=x86_64-w64-mingw32 --target=x86_64-w64-mingw32 --prefix=/mingw64 --with-sysroot=/c/buildroot/x86_64-1520-mcf-seh-ucrt-rt_v13-rev0/mingw64 --enable-host-shared --disable-multilib --enable-languages=c,c++,fortran,lto --enable-libstdcxx-time=yes --enable-threads=mcf --enable-libgomp --enable-libatomic --enable-lto --enable-graphite --enable-checking=release --enable-mingw-wildcard --enable-fully-dynamic-string --enable-version-specific-runtime-libs --enable-libstdcxx-filesystem-ts=yes --disable-libssp --disable-libstdcxx-pch --disable-libstdcxx-debug --enable-bootstrap --disable-rpath --disable-win32-registry --disable-nls --disable-werror --disable-symvers --with-gnu-as --with-gnu-ld --with-arch=nocona --with-tune=core2 --with-libiconv --with-system-zlib --with-gmp=/c/buildroot/prerequisites/x86_64-w64-mingw32-static --with-mpfr=/c/buildroot/prerequisites/x86_64-w64-mingw32-static --with-mpc=/c/buildroot/prerequisites/x86_64-w64-mingw32-static --with-isl=/c/buildroot/prerequisites/x86_64-w64-mingw32-static --with-pkgversion='x86_64-mcf-seh-rev0, Built by MinGW-Builds project' --with-bugurl=https://github.com/niXman/mingw-builds LD_FOR_TARGET=/c/buildroot/x86_64-1520-mcf-seh-ucrt-rt_v13-rev0/mingw64/bin/ld.exe --with-boot-ldflags='-pipe -fno-ident -L/c/buildroot/x86_64-1520-mcf-seh-ucrt-rt_v13-rev0/mingw64/opt/lib -L/c/buildroot/prerequisites/x86_64-zlib-static/lib -L/c/buildroot/prerequisites/x86_64-w64-mingw32-static/lib  -Wl,--disable-dynamicbase -static-libstdc++ -static-libgcc'
Thread model: mcf
Supported LTO compression algorithms: zlib
gcc version 15.2.0 (x86_64-mcf-seh-rev0, Built by MinGW-Builds project) 
COLLECT_GCC_OPTIONS='-v' '-O2' '-std=c99' '-I' 'third_party\cmark-gfm\src' '-c' '-o' 'third_party\cmark-gfm\src\render.o' '-mtune=core2' '-march=nocona' '-dumpdir' 'third_party\cmark-gfm\src\'
 C:/mingw64/bin/../libexec/gcc/x86_64-w64-mingw32/15.2.0/cc1.exe -quiet -v -I third_party\cmark-gfm\src -iprefix C:/mingw64/bin/../lib/gcc/x86_64-w64-mingw32/15.2.0/ -U_REENTRANT third_party\cmark-gfm\src\render.c -quiet -dumpdir third_party\cmark-gfm\src\ -dumpbase render.c -dumpbase-ext .c -mtune=core2 -march=nocona -O2 -std=c99 -version -o C:\Users\NALLEB~1\AppData\Local\Temp\ccERonGH.s
GNU C99 (x86_64-mcf-seh-rev0, Built by MinGW-Builds project) version 15.2.0 (x86_64-w64-mingw32)
	compiled by GNU C version 15.2.0, GMP version 6.2.1, MPFR version 4.1.0, MPC version 1.2.1, isl version isl-0.27-GMP

GGC heuristics: --param ggc-min-expand=100 --param ggc-min-heapsize=131072
ignoring duplicate directory "C:/mingw64/lib/gcc/../../lib/gcc/x86_64-w64-mingw32/15.2.0/include"
ignoring nonexistent directory "C:/buildroot/x86_64-1520-mcf-seh-ucrt-rt_v13-rev0/mingw64D:/a/_temp/msys64/mingw64/lib/gcc/x86_64-w64-mingw32/15.2.0/../../../../include"
ignoring duplicate directory "C:/mingw64/lib/gcc/../../lib/gcc/x86_64-w64-mingw32/15.2.0/include-fixed"
ignoring duplicate directory "C:/mingw64/lib/gcc/../../lib/gcc/x86_64-w64-mingw32/15.2.0/../../../../x86_64-w64-mingw32/include"
ignoring nonexistent directory "C:/buildroot/x86_64-1520-mcf-seh-ucrt-rt_v13-rev0/mingw64/mingw/include"
#include "..." search starts here:
#include <...> search starts here:
 third_party\cmark-gfm\src
 C:/mingw64/bin/../lib/gcc/x86_64-w64-mingw32/15.2.0/include
 C:/mingw64/bin/../lib/gcc/x86_64-w64-mingw32/15.2.0/include-fixed
 C:/mingw64/bin/../lib/gcc/x86_64-w64-mingw32/15.2.0/../../../../x86_64-w64-mingw32/include
End of search list.
Compiler executable checksum: cefa2ebeb692ed00af38e59eabc88438
COLLECT_GCC_OPTIONS='-v' '-O2' '-std=c99' '-I' 'third_party\cmark-gfm\src' '-c' '-o' 'third_party\cmark-gfm\src\render.o' '-mtune=core2' '-march=nocona' '-dumpdir' 'third_party\cmark-gfm\src\'
 C:/mingw64/bin/../lib/gcc/x86_64-w64-mingw32/15.2.0/../../../../x86_64-w64-mingw32/bin/as.exe -v -I third_party\cmark-gfm\src -o third_party\cmark-gfm\src\render.o C:\Users\NALLEB~1\AppData\Local\Temp\ccERonGH.s
GNU assembler version 2.45 (x86_64-w64-mingw32) using BFD version (GNU Binutils) 2.45
COMPILER_PATH=C:/mingw64/bin/../libexec/gcc/x86_64-w64-mingw32/15.2.0/;C:/mingw64/bin/../libexec/gcc/;C:/mingw64/bin/../lib/gcc/x86_64-w64-mingw32/15.2.0/../../../../x86_64-w64-mingw32/bin/
LIBRARY_PATH=C:/mingw64/bin/../lib/gcc/x86_64-w64-mingw32/15.2.0/;C:/mingw64/bin/../lib/gcc/;C:/mingw64/bin/../lib/gcc/x86_64-w64-mingw32/15.2.0/../../../../x86_64-w64-mingw32/lib/../lib/;C:/mingw64/bin/../lib/gcc/x86_64-w64-mingw32/15.2.0/../../../../lib/;C:/mingw64/bin/../lib/gcc/x86_64-w64-mingw32/15.2.0/../../../../x86_64-w64-mingw32/lib/;C:/mingw64/bin/../lib/gcc/x86_64-w64-mingw32/15.2.0/../../../
COLLECT_GCC_OPTIONS='-v' '-O2' '-std=c99' '-I' 'third_party\cmark-gfm\src' '-c' '-o' 'third_party\cmark-gfm\src\render.o' '-mtune=core2' '-march=nocona' '-dumpdir' 'third_party\cmark-gfm\src\render.'
Using built-in specs.
COLLECT_GCC=gcc
Target: x86_64-w64-mingw32
Configured with: ../../../src/gcc-15.2.0/configure --host=x86_64-w64-mingw32 --build=x86_64-w64-mingw32 --target=x86_64-w64-mingw32 --prefix=/mingw64 --with-sysroot=/c/buildroot/x86_64-1520-mcf-seh-ucrt-rt_v13-rev0/mingw64 --enable-host-shared --disable-multilib --enable-languages=c,c++,fortran,lto --enable-libstdcxx-time=yes --enable-threads=mcf --enable-libgomp --enable-libatomic --enable-lto --enable-graphite --enable-checking=release --enable-mingw-wildcard --enable-fully-dynamic-string --enable-version-specific-runtime-libs --enable-libstdcxx-filesystem-ts=yes --disable-libssp --disable-libstdcxx-pch --disable-libstdcxx-debug --enable-bootstrap --disable-rpath --disable-win32-registry --disable-nls --disable-werror --disable-symvers --with-gnu-as --with-gnu-ld --with-arch=nocona --with-tune=core2 --with-libiconv --with-system-zlib --with-gmp=/c/buildroot/prerequisites/x86_64-w64-mingw32-static --with-mpfr=/c/buildroot/prerequisites/x86_64-w64-mingw32-static --with-mpc=/c/buildroot/prerequisites/x86_64-w64-mingw32-static --with-isl=/c/buildroot/prerequisites/x86_64-w64-mingw32-static --with-pkgversion='x86_64-mcf-seh-rev0, Built by MinGW-Builds project' --with-bugurl=https://github.com/niXman/mingw-builds LD_FOR_TARGET=/c/buildroot/x86_64-1520-mcf-seh-ucrt-rt_v13-rev0/mingw64/bin/ld.exe --with-boot-ldflags='-pipe -fno-ident -L/c/buildroot/x86_64-1520-mcf-seh-ucrt-rt_v13-rev0/mingw64/opt/lib -L/c/buildroot/prerequisites/x86_64-zlib-static/lib -L/c/buildroot/prerequisites/x86_64-w64-mingw32-static/lib  -Wl,--disable-dynamicbase -static-libstdc++ -static-libgcc'
Thread model: mcf
Supported LTO compression algorithms: zlib
gcc version 15.2.0 (x86_64-mcf-seh-rev0, Built by MinGW-Builds project) 
COLLECT_GCC_OPTIONS='-v' '-O2' '-std=c99' '-I' 'third_party\cmark-gfm\src' '-c' '-o' 'third_party\cmark-gfm\src\scanners.o' '-mtune=core2' '-march=nocona' '-dumpdir' 'third_party\cmark-gfm\src\'
 C:/mingw64/bin/../libexec/gcc/x86_64-w64-mingw32/15.2.0/cc1.exe -quiet -v -I third_party\cmark-gfm\src -iprefix C:/mingw64/bin/../lib/gcc/x86_64-w64-mingw32/15.2.0/ -U_REENTRANT third_party\cmark-gfm\src\scanners.c -quiet -dumpdir third_party\cmark-gfm\src\ -dumpbase scanners.c -dumpbase-ext .c -mtune=core2 -march=nocona -O2 -std=c99 -version -o C:\Users\NALLEB~1\AppData\Local\Temp\ccu2EUYS.s
GNU C99 (x86_64-mcf-seh-rev0, Built by MinGW-Builds project) version 15.2.0 (x86_64-w64-mingw32)
	compiled by GNU C version 15.2.0, GMP version 6.2.1, MPFR version 4.1.0, MPC version 1.2.1, isl version isl-0.27-GMP

GGC heuristics: --param ggc-min-expand=100 --param ggc-min-heapsize=131072
ignoring duplicate directory "C:/mingw64/lib/gcc/../../lib/gcc/x86_64-w64-mingw32/15.2.0/include"
ignoring nonexistent directory "C:/buildroot/x86_64-1520-mcf-seh-ucrt-rt_v13-rev0/mingw64D:/a/_temp/msys64/mingw64/lib/gcc/x86_64-w64-mingw32/15.2.0/../../../../include"
ignoring duplicate directory "C:/mingw64/lib/gcc/../../lib/gcc/x86_64-w64-mingw32/15.2.0/include-fixed"
ignoring duplicate directory "C:/mingw64/lib/gcc/../../lib/gcc/x86_64-w64-mingw32/15.2.0/../../../../x86_64-w64-mingw32/include"
ignoring nonexistent directory "C:/buildroot/x86_64-1520-mcf-seh-ucrt-rt_v13-rev0/mingw64/mingw/include"
#include "..." search starts here:
#include <...> search starts here:
 third_party\cmark-gfm\src
 C:/mingw64/bin/../lib/gcc/x86_64-w64-mingw32/15.2.0/include
 C:/mingw64/bin/../lib/gcc/x86_64-w64-mingw32/15.2.0/include-fixed
 C:/mingw64/bin/../lib/gcc/x86_64-w64-mingw32/15.2.0/../../../../x86_64-w64-mingw32/include
End of search list.
Compiler executable checksum: cefa2ebeb692ed00af38e59eabc88438
COLLECT_GCC_OPTIONS='-v' '-O2' '-std=c99' '-I' 'third_party\cmark-gfm\src' '-c' '-o' 'third_party\cmark-gfm\src\scanners.o' '-mtune=core2' '-march=nocona' '-dumpdir' 'third_party\cmark-gfm\src\'
 C:/mingw64/bin/../lib/gcc/x86_64-w64-mingw32/15.2.0/../../../../x86_64-w64-mingw32/bin/as.exe -v -I third_party\cmark-gfm\src -o third_party\cmark-gfm\src\scanners.o C:\Users\NALLEB~1\AppData\Local\Temp\ccu2EUYS.s
GNU assembler version 2.45 (x86_64-w64-mingw32) using BFD version (GNU Binutils) 2.45
COMPILER_PATH=C:/mingw64/bin/../libexec/gcc/x86_64-w64-mingw32/15.2.0/;C:/mingw64/bin/../libexec/gcc/;C:/mingw64/bin/../lib/gcc/x86_64-w64-mingw32/15.2.0/../../../../x86_64-w64-mingw32/bin/
LIBRARY_PATH=C:/mingw64/bin/../lib/gcc/x86_64-w64-mingw32/15.2.0/;C:/mingw64/bin/../lib/gcc/;C:/mingw64/bin/../lib/gcc/x86_64-w64-mingw32/15.2.0/../../../../x86_64-w64-mingw32/lib/../lib/;C:/mingw64/bin/../lib/gcc/x86_64-w64-mingw32/15.2.0/../../../../lib/;C:/mingw64/bin/../lib/gcc/x86_64-w64-mingw32/15.2.0/../../../../x86_64-w64-mingw32/lib/;C:/mingw64/bin/../lib/gcc/x86_64-w64-mingw32/15.2.0/../../../
COLLECT_GCC_OPTIONS='-v' '-O2' '-std=c99' '-I' 'third_party\cmark-gfm\src' '-c' '-o' 'third_party\cmark-gfm\src\scanners.o' '-mtune=core2' '-march=nocona' '-dumpdir' 'third_party\cmark-gfm\src\scanners.'
Using built-in specs.
COLLECT_GCC=gcc
Target: x86_64-w64-mingw32
Configured with: ../../../src/gcc-15.2.0/configure --host=x86_64-w64-mingw32 --build=x86_64-w64-mingw32 --target=x86_64-w64-mingw32 --prefix=/mingw64 --with-sysroot=/c/buildroot/x86_64-1520-mcf-seh-ucrt-rt_v13-rev0/mingw64 --enable-host-shared --disable-multilib --enable-languages=c,c++,fortran,lto --enable-libstdcxx-time=yes --enable-threads=mcf --enable-libgomp --enable-libatomic --enable-lto --enable-graphite --enable-checking=release --enable-mingw-wildcard --enable-fully-dynamic-string --enable-version-specific-runtime-libs --enable-libstdcxx-filesystem-ts=yes --disable-libssp --disable-libstdcxx-pch --disable-libstdcxx-debug --enable-bootstrap --disable-rpath --disable-win32-registry --disable-nls --disable-werror --disable-symvers --with-gnu-as --with-gnu-ld --with-arch=nocona --with-tune=core2 --with-libiconv --with-system-zlib --with-gmp=/c/buildroot/prerequisites/x86_64-w64-mingw32-static --with-mpfr=/c/buildroot/prerequisites/x86_64-w64-mingw32-static --with-mpc=/c/buildroot/prerequisites/x86_64-w64-mingw32-static --with-isl=/c/buildroot/prerequisites/x86_64-w64-mingw32-static --with-pkgversion='x86_64-mcf-seh-rev0, Built by MinGW-Builds project' --with-bugurl=https://github.com/niXman/mingw-builds LD_FOR_TARGET=/c/buildroot/x86_64-1520-mcf-seh-ucrt-rt_v13-rev0/mingw64/bin/ld.exe --with-boot-ldflags='-pipe -fno-ident -L/c/buildroot/x86_64-1520-mcf-seh-ucrt-rt_v13-rev0/mingw64/opt/lib -L/c/buildroot/prerequisites/x86_64-zlib-static/lib -L/c/buildroot/prerequisites/x86_64-w64-mingw32-static/lib  -Wl,--disable-dynamicbase -static-libstdc++ -static-libgcc'
Thread model: mcf
Supported LTO compression algorithms: zlib
gcc version 15.2.0 (x86_64-mcf-seh-rev0, Built by MinGW-Builds project) 
COLLECT_GCC_OPTIONS='-v' '-O2' '-std=c99' '-I' 'third_party\cmark-gfm\src' '-c' '-o' 'third_party\cmark-gfm\src\syntax_extension.o' '-mtune=core2' '-march=nocona' '-dumpdir' 'third_party\cmark-gfm\src\'
 C:/mingw64/bin/../libexec/gcc/x86_64-w64-mingw32/15.2.0/cc1.exe -quiet -v -I third_party\cmark-gfm\src -iprefix C:/mingw64/bin/../lib/gcc/x86_64-w64-mingw32/15.2.0/ -U_REENTRANT third_party\cmark-gfm\src\syntax_extension.c -quiet -dumpdir third_party\cmark-gfm\src\ -dumpbase syntax_extension.c -dumpbase-ext .c -mtune=core2 -march=nocona -O2 -std=c99 -version -o C:\Users\NALLEB~1\AppData\Local\Temp\cckuv5yb.s
GNU C99 (x86_64-mcf-seh-rev0, Built by MinGW-Builds project) version 15.2.0 (x86_64-w64-mingw32)
	compiled by GNU C version 15.2.0, GMP version 6.2.1, MPFR version 4.1.0, MPC version 1.2.1, isl version isl-0.27-GMP

GGC heuristics: --param ggc-min-expand=100 --param ggc-min-heapsize=131072
ignoring duplicate directory "C:/mingw64/lib/gcc/../../lib/gcc/x86_64-w64-mingw32/15.2.0/include"
ignoring nonexistent directory "C:/buildroot/x86_64-1520-mcf-seh-ucrt-rt_v13-rev0/mingw64D:/a/_temp/msys64/mingw64/lib/gcc/x86_64-w64-mingw32/15.2.0/../../../../include"
ignoring duplicate directory "C:/mingw64/lib/gcc/../../lib/gcc/x86_64-w64-mingw32/15.2.0/include-fixed"
ignoring duplicate directory "C:/mingw64/lib/gcc/../../lib/gcc/x86_64-w64-mingw32/15.2.0/../../../../x86_64-w64-mingw32/include"
ignoring nonexistent directory "C:/buildroot/x86_64-1520-mcf-seh-ucrt-rt_v13-rev0/mingw64/mingw/include"
#include "..." search starts here:
#include <...> search starts here:
 third_party\cmark-gfm\src
 C:/mingw64/bin/../lib/gcc/x86_64-w64-mingw32/15.2.0/include
 C:/mingw64/bin/../lib/gcc/x86_64-w64-mingw32/15.2.0/include-fixed
 C:/mingw64/bin/../lib/gcc/x86_64-w64-mingw32/15.2.0/../../../../x86_64-w64-mingw32/include
End of search list.
Compiler executable checksum: cefa2ebeb692ed00af38e59eabc88438
COLLECT_GCC_OPTIONS='-v' '-O2' '-std=c99' '-I' 'third_party\cmark-gfm\src' '-c' '-o' 'third_party\cmark-gfm\src\syntax_extension.o' '-mtune=core2' '-march=nocona' '-dumpdir' 'third_party\cmark-gfm\src\'
 C:/mingw64/bin/../lib/gcc/x86_64-w64-mingw32/15.2.0/../../../../x86_64-w64-mingw32/bin/as.exe -v -I third_party\cmark-gfm\src -o third_party\cmark-gfm\src\syntax_extension.o C:\Users\NALLEB~1\AppData\Local\Temp\cckuv5yb.s
GNU assembler version 2.45 (x86_64-w64-mingw32) using BFD version (GNU Binutils) 2.45
COMPILER_PATH=C:/mingw64/bin/../libexec/gcc/x86_64-w64-mingw32/15.2.0/;C:/mingw64/bin/../libexec/gcc/;C:/mingw64/bin/../lib/gcc/x86_64-w64-mingw32/15.2.0/../../../../x86_64-w64-mingw32/bin/
LIBRARY_PATH=C:/mingw64/bin/../lib/gcc/x86_64-w64-mingw32/15.2.0/;C:/mingw64/bin/../lib/gcc/;C:/mingw64/bin/../lib/gcc/x86_64-w64-mingw32/15.2.0/../../../../x86_64-w64-mingw32/lib/../lib/;C:/mingw64/bin/../lib/gcc/x86_64-w64-mingw32/15.2.0/../../../../lib/;C:/mingw64/bin/../lib/gcc/x86_64-w64-mingw32/15.2.0/../../../../x86_64-w64-mingw32/lib/;C:/mingw64/bin/../lib/gcc/x86_64-w64-mingw32/15.2.0/../../../
COLLECT_GCC_OPTIONS='-v' '-O2' '-std=c99' '-I' 'third_party\cmark-gfm\src' '-c' '-o' 'third_party\cmark-gfm\src\syntax_extension.o' '-mtune=core2' '-march=nocona' '-dumpdir' 'third_party\cmark-gfm\src\syntax_extension.'
Using built-in specs.
COLLECT_GCC=gcc
Target: x86_64-w64-mingw32
Configured with: ../../../src/gcc-15.2.0/configure --host=x86_64-w64-mingw32 --build=x86_64-w64-mingw32 --target=x86_64-w64-mingw32 --prefix=/mingw64 --with-sysroot=/c/buildroot/x86_64-1520-mcf-seh-ucrt-rt_v13-rev0/mingw64 --enable-host-shared --disable-multilib --enable-languages=c,c++,fortran,lto --enable-libstdcxx-time=yes --enable-threads=mcf --enable-libgomp --enable-libatomic --enable-lto --enable-graphite --enable-checking=release --enable-mingw-wildcard --enable-fully-dynamic-string --enable-version-specific-runtime-libs --enable-libstdcxx-filesystem-ts=yes --disable-libssp --disable-libstdcxx-pch --disable-libstdcxx-debug --enable-bootstrap --disable-rpath --disable-win32-registry --disable-nls --disable-werror --disable-symvers --with-gnu-as --with-gnu-ld --with-arch=nocona --with-tune=core2 --with-libiconv --with-system-zlib --with-gmp=/c/buildroot/prerequisites/x86_64-w64-mingw32-static --with-mpfr=/c/buildroot/prerequisites/x86_64-w64-mingw32-static --with-mpc=/c/buildroot/prerequisites/x86_64-w64-mingw32-static --with-isl=/c/buildroot/prerequisites/x86_64-w64-mingw32-static --with-pkgversion='x86_64-mcf-seh-rev0, Built by MinGW-Builds project' --with-bugurl=https://github.com/niXman/mingw-builds LD_FOR_TARGET=/c/buildroot/x86_64-1520-mcf-seh-ucrt-rt_v13-rev0/mingw64/bin/ld.exe --with-boot-ldflags='-pipe -fno-ident -L/c/buildroot/x86_64-1520-mcf-seh-ucrt-rt_v13-rev0/mingw64/opt/lib -L/c/buildroot/prerequisites/x86_64-zlib-static/lib -L/c/buildroot/prerequisites/x86_64-w64-mingw32-static/lib  -Wl,--disable-dynamicbase -static-libstdc++ -static-libgcc'
Thread model: mcf
Supported LTO compression algorithms: zlib
gcc version 15.2.0 (x86_64-mcf-seh-rev0, Built by MinGW-Builds project) 
COLLECT_GCC_OPTIONS='-v' '-O2' '-std=c99' '-I' 'third_party\cmark-gfm\src' '-c' '-o' 'third_party\cmark-gfm\src\utf8.o' '-mtune=core2' '-march=nocona' '-dumpdir' 'third_party\cmark-gfm\src\'
 C:/mingw64/bin/../libexec/gcc/x86_64-w64-mingw32/15.2.0/cc1.exe -quiet -v -I third_party\cmark-gfm\src -iprefix C:/mingw64/bin/../lib/gcc/x86_64-w64-mingw32/15.2.0/ -U_REENTRANT third_party\cmark-gfm\src\utf8.c -quiet -dumpdir third_party\cmark-gfm\src\ -dumpbase utf8.c -dumpbase-ext .c -mtune=core2 -march=nocona -O2 -std=c99 -version -o C:\Users\NALLEB~1\AppData\Local\Temp\ccqVmkEk.s
GNU C99 (x86_64-mcf-seh-rev0, Built by MinGW-Builds project) version 15.2.0 (x86_64-w64-mingw32)
	compiled by GNU C version 15.2.0, GMP version 6.2.1, MPFR version 4.1.0, MPC version 1.2.1, isl version isl-0.27-GMP

GGC heuristics: --param ggc-min-expand=100 --param ggc-min-heapsize=131072
ignoring duplicate directory "C:/mingw64/lib/gcc/../../lib/gcc/x86_64-w64-mingw32/15.2.0/include"
ignoring nonexistent directory "C:/buildroot/x86_64-1520-mcf-seh-ucrt-rt_v13-rev0/mingw64D:/a/_temp/msys64/mingw64/lib/gcc/x86_64-w64-mingw32/15.2.0/../../../../include"
ignoring duplicate directory "C:/mingw64/lib/gcc/../../lib/gcc/x86_64-w64-mingw32/15.2.0/include-fixed"
ignoring duplicate directory "C:/mingw64/lib/gcc/../../lib/gcc/x86_64-w64-mingw32/15.2.0/../../../../x86_64-w64-mingw32/include"
ignoring nonexistent directory "C:/buildroot/x86_64-1520-mcf-seh-ucrt-rt_v13-rev0/mingw64/mingw/include"
#include "..." search starts here:
#include <...> search starts here:
 third_party\cmark-gfm\src
 C:/mingw64/bin/../lib/gcc/x86_64-w64-mingw32/15.2.0/include
 C:/mingw64/bin/../lib/gcc/x86_64-w64-mingw32/15.2.0/include-fixed
 C:/mingw64/bin/../lib/gcc/x86_64-w64-mingw32/15.2.0/../../../../x86_64-w64-mingw32/include
End of search list.
Compiler executable checksum: cefa2ebeb692ed00af38e59eabc88438
COLLECT_GCC_OPTIONS='-v' '-O2' '-std=c99' '-I' 'third_party\cmark-gfm\src' '-c' '-o' 'third_party\cmark-gfm\src\utf8.o' '-mtune=core2' '-march=nocona' '-dumpdir' 'third_party\cmark-gfm\src\'
 C:/mingw64/bin/../lib/gcc/x86_64-w64-mingw32/15.2.0/../../../../x86_64-w64-mingw32/bin/as.exe -v -I third_party\cmark-gfm\src -o third_party\cmark-gfm\src\utf8.o C:\Users\NALLEB~1\AppData\Local\Temp\ccqVmkEk.s
GNU assembler version 2.45 (x86_64-w64-mingw32) using BFD version (GNU Binutils) 2.45
COMPILER_PATH=C:/mingw64/bin/../libexec/gcc/x86_64-w64-mingw32/15.2.0/;C:/mingw64/bin/../libexec/gcc/;C:/mingw64/bin/../lib/gcc/x86_64-w64-mingw32/15.2.0/../../../../x86_64-w64-mingw32/bin/
LIBRARY_PATH=C:/mingw64/bin/../lib/gcc/x86_64-w64-mingw32/15.2.0/;C:/mingw64/bin/../lib/gcc/;C:/mingw64/bin/../lib/gcc/x86_64-w64-mingw32/15.2.0/../../../../x86_64-w64-mingw32/lib/../lib/;C:/mingw64/bin/../lib/gcc/x86_64-w64-mingw32/15.2.0/../../../../lib/;C:/mingw64/bin/../lib/gcc/x86_64-w64-mingw32/15.2.0/../../../../x86_64-w64-mingw32/lib/;C:/mingw64/bin/../lib/gcc/x86_64-w64-mingw32/15.2.0/../../../
COLLECT_GCC_OPTIONS='-v' '-O2' '-std=c99' '-I' 'third_party\cmark-gfm\src' '-c' '-o' 'third_party\cmark-gfm\src\utf8.o' '-mtune=core2' '-march=nocona' '-dumpdir' 'third_party\cmark-gfm\src\utf8.'
Using built-in specs.
COLLECT_GCC=gcc
Target: x86_64-w64-mingw32
Configured with: ../../../src/gcc-15.2.0/configure --host=x86_64-w64-mingw32 --build=x86_64-w64-mingw32 --target=x86_64-w64-mingw32 --prefix=/mingw64 --with-sysroot=/c/buildroot/x86_64-1520-mcf-seh-ucrt-rt_v13-rev0/mingw64 --enable-host-shared --disable-multilib --enable-languages=c,c++,fortran,lto --enable-libstdcxx-time=yes --enable-threads=mcf --enable-libgomp --enable-libatomic --enable-lto --enable-graphite --enable-checking=release --enable-mingw-wildcard --enable-fully-dynamic-string --enable-version-specific-runtime-libs --enable-libstdcxx-filesystem-ts=yes --disable-libssp --disable-libstdcxx-pch --disable-libstdcxx-debug --enable-bootstrap --disable-rpath --disable-win32-registry --disable-nls --disable-werror --disable-symvers --with-gnu-as --with-gnu-ld --with-arch=nocona --with-tune=core2 --with-libiconv --with-system-zlib --with-gmp=/c/buildroot/prerequisites/x86_64-w64-mingw32-static --with-mpfr=/c/buildroot/prerequisites/x86_64-w64-mingw32-static --with-mpc=/c/buildroot/prerequisites/x86_64-w64-mingw32-static --with-isl=/c/buildroot/prerequisites/x86_64-w64-mingw32-static --with-pkgversion='x86_64-mcf-seh-rev0, Built by MinGW-Builds project' --with-bugurl=https://github.com/niXman/mingw-builds LD_FOR_TARGET=/c/buildroot/x86_64-1520-mcf-seh-ucrt-rt_v13-rev0/mingw64/bin/ld.exe --with-boot-ldflags='-pipe -fno-ident -L/c/buildroot/x86_64-1520-mcf-seh-ucrt-rt_v13-rev0/mingw64/opt/lib -L/c/buildroot/prerequisites/x86_64-zlib-static/lib -L/c/buildroot/prerequisites/x86_64-w64-mingw32-static/lib  -Wl,--disable-dynamicbase -static-libstdc++ -static-libgcc'
Thread model: mcf
Supported LTO compression algorithms: zlib
gcc version 15.2.0 (x86_64-mcf-seh-rev0, Built by MinGW-Builds project) 
COLLECT_GCC_OPTIONS='-v' '-O2' '-std=c99' '-I' 'third_party\cmark-gfm\src' '-c' '-o' 'third_party\cmark-gfm\src\xml.o' '-mtune=core2' '-march=nocona' '-dumpdir' 'third_party\cmark-gfm\src\'
 C:/mingw64/bin/../libexec/gcc/x86_64-w64-mingw32/15.2.0/cc1.exe -quiet -v -I third_party\cmark-gfm\src -iprefix C:/mingw64/bin/../lib/gcc/x86_64-w64-mingw32/15.2.0/ -U_REENTRANT third_party\cmark-gfm\src\xml.c -quiet -dumpdir third_party\cmark-gfm\src\ -dumpbase xml.c -dumpbase-ext .c -mtune=core2 -march=nocona -O2 -std=c99 -version -o C:\Users\NALLEB~1\AppData\Local\Temp\cc1B2dZJ.s
GNU C99 (x86_64-mcf-seh-rev0, Built by MinGW-Builds project) version 15.2.0 (x86_64-w64-mingw32)
	compiled by GNU C version 15.2.0, GMP version 6.2.1, MPFR version 4.1.0, MPC version 1.2.1, isl version isl-0.27-GMP

GGC heuristics: --param ggc-min-expand=100 --param ggc-min-heapsize=131072
ignoring duplicate directory "C:/mingw64/lib/gcc/../../lib/gcc/x86_64-w64-mingw32/15.2.0/include"
ignoring nonexistent directory "C:/buildroot/x86_64-1520-mcf-seh-ucrt-rt_v13-rev0/mingw64D:/a/_temp/msys64/mingw64/lib/gcc/x86_64-w64-mingw32/15.2.0/../../../../include"
ignoring duplicate directory "C:/mingw64/lib/gcc/../../lib/gcc/x86_64-w64-mingw32/15.2.0/include-fixed"
ignoring duplicate directory "C:/mingw64/lib/gcc/../../lib/gcc/x86_64-w64-mingw32/15.2.0/../../../../x86_64-w64-mingw32/include"
ignoring nonexistent directory "C:/buildroot/x86_64-1520-mcf-seh-ucrt-rt_v13-rev0/mingw64/mingw/include"
#include "..." search starts here:
#include <...> search starts here:
 third_party\cmark-gfm\src
 C:/mingw64/bin/../lib/gcc/x86_64-w64-mingw32/15.2.0/include
 C:/mingw64/bin/../lib/gcc/x86_64-w64-mingw32/15.2.0/include-fixed
 C:/mingw64/bin/../lib/gcc/x86_64-w64-mingw32/15.2.0/../../../../x86_64-w64-mingw32/include
End of search list.
Compiler executable checksum: cefa2ebeb692ed00af38e59eabc88438
COLLECT_GCC_OPTIONS='-v' '-O2' '-std=c99' '-I' 'third_party\cmark-gfm\src' '-c' '-o' 'third_party\cmark-gfm\src\xml.o' '-mtune=core2' '-march=nocona' '-dumpdir' 'third_party\cmark-gfm\src\'
 C:/mingw64/bin/../lib/gcc/x86_64-w64-mingw32/15.2.0/../../../../x86_64-w64-mingw32/bin/as.exe -v -I third_party\cmark-gfm\src -o third_party\cmark-gfm\src\xml.o C:\Users\NALLEB~1\AppData\Local\Temp\cc1B2dZJ.s
GNU assembler version 2.45 (x86_64-w64-mingw32) using BFD version (GNU Binutils) 2.45
COMPILER_PATH=C:/mingw64/bin/../libexec/gcc/x86_64-w64-mingw32/15.2.0/;C:/mingw64/bin/../libexec/gcc/;C:/mingw64/bin/../lib/gcc/x86_64-w64-mingw32/15.2.0/../../../../x86_64-w64-mingw32/bin/
LIBRARY_PATH=C:/mingw64/bin/../lib/gcc/x86_64-w64-mingw32/15.2.0/;C:/mingw64/bin/../lib/gcc/;C:/mingw64/bin/../lib/gcc/x86_64-w64-mingw32/15.2.0/../../../../x86_64-w64-mingw32/lib/../lib/;C:/mingw64/bin/../lib/gcc/x86_64-w64-mingw32/15.2.0/../../../../lib/;C:/mingw64/bin/../lib/gcc/x86_64-w64-mingw32/15.2.0/../../../../x86_64-w64-mingw32/lib/;C:/mingw64/bin/../lib/gcc/x86_64-w64-mingw32/15.2.0/../../../
COLLECT_GCC_OPTIONS='-v' '-O2' '-std=c99' '-I' 'third_party\cmark-gfm\src' '-c' '-o' 'third_party\cmark-gfm\src\xml.o' '-mtune=core2' '-march=nocona' '-dumpdir' 'third_party\cmark-gfm\src\xml.'
[STEP_DONE 5/6]

[STEP 6/6] Compile & link  --  NSBEdit.cpp + all sources  ->  NSBEdit.exe
Using built-in specs.
COLLECT_GCC=g++
COLLECT_LTO_WRAPPER=C:/mingw64/bin/../libexec/gcc/x86_64-w64-mingw32/15.2.0/lto-wrapper.exe
Target: x86_64-w64-mingw32
Configured with: ../../../src/gcc-15.2.0/configure --host=x86_64-w64-mingw32 --build=x86_64-w64-mingw32 --target=x86_64-w64-mingw32 --prefix=/mingw64 --with-sysroot=/c/buildroot/x86_64-1520-mcf-seh-ucrt-rt_v13-rev0/mingw64 --enable-host-shared --disable-multilib --enable-languages=c,c++,fortran,lto --enable-libstdcxx-time=yes --enable-threads=mcf --enable-libgomp --enable-libatomic --enable-lto --enable-graphite --enable-checking=release --enable-mingw-wildcard --enable-fully-dynamic-string --enable-version-specific-runtime-libs --enable-libstdcxx-filesystem-ts=yes --disable-libssp --disable-libstdcxx-pch --disable-libstdcxx-debug --enable-bootstrap --disable-rpath --disable-win32-registry --disable-nls --disable-werror --disable-symvers --with-gnu-as --with-gnu-ld --with-arch=nocona --with-tune=core2 --with-libiconv --with-system-zlib --with-gmp=/c/buildroot/prerequisites/x86_64-w64-mingw32-static --with-mpfr=/c/buildroot/prerequisites/x86_64-w64-mingw32-static --with-mpc=/c/buildroot/prerequisites/x86_64-w64-mingw32-static --with-isl=/c/buildroot/prerequisites/x86_64-w64-mingw32-static --with-pkgversion='x86_64-mcf-seh-rev0, Built by MinGW-Builds project' --with-bugurl=https://github.com/niXman/mingw-builds LD_FOR_TARGET=/c/buildroot/x86_64-1520-mcf-seh-ucrt-rt_v13-rev0/mingw64/bin/ld.exe --with-boot-ldflags='-pipe -fno-ident -L/c/buildroot/x86_64-1520-mcf-seh-ucrt-rt_v13-rev0/mingw64/opt/lib -L/c/buildroot/prerequisites/x86_64-zlib-static/lib -L/c/buildroot/prerequisites/x86_64-w64-mingw32-static/lib  -Wl,--disable-dynamicbase -static-libstdc++ -static-libgcc'
Thread model: mcf
Supported LTO compression algorithms: zlib
gcc version 15.2.0 (x86_64-mcf-seh-rev0, Built by MinGW-Builds project) 
COLLECT_GCC_OPTIONS='-v' '-std=c++17' '-O2' '-Wall' '-mwindows' '-municode' '-I' '.' '-I' 'sqlite3' '-I' 'curl\include' '-I' 'third_party\cmark-gfm\src' '-D' 'CURL_STATICLIB' '-I' 'scintilla_src\scintilla\include' '-I' 'lexilla_src\lexilla\include' '-Lscintilla_src\scintilla\bin' '-Llexilla_src\lexilla\bin' '-Lcurl\lib' '-static' '-static-libgcc' '-o' 'NSBEdit.exe' '-mtune=core2' '-march=nocona' '-dumpdir' 'NSBEdit-'
 C:/mingw64/bin/../libexec/gcc/x86_64-w64-mingw32/15.2.0/cc1plus.exe -quiet -v -I . -I sqlite3 -I curl\include -I third_party\cmark-gfm\src -I scintilla_src\scintilla\include -I lexilla_src\lexilla\include -iprefix C:/mingw64/bin/../lib/gcc/x86_64-w64-mingw32/15.2.0/ -DUNICODE -U_REENTRANT -D CURL_STATICLIB NSBEdit.cpp -quiet -dumpdir NSBEdit- -dumpbase NSBEdit.cpp -dumpbase-ext .cpp -mwindows -municode -mtune=core2 -march=nocona -O2 -Wall -std=c++17 -version -o C:\Users\NALLEB~1\AppData\Local\Temp\ccz7LBkX.s
GNU C++17 (x86_64-mcf-seh-rev0, Built by MinGW-Builds project) version 15.2.0 (x86_64-w64-mingw32)
	compiled by GNU C version 15.2.0, GMP version 6.2.1, MPFR version 4.1.0, MPC version 1.2.1, isl version isl-0.27-GMP

GGC heuristics: --param ggc-min-expand=100 --param ggc-min-heapsize=131072
ignoring duplicate directory "C:/mingw64/lib/gcc/../../lib/gcc/x86_64-w64-mingw32/15.2.0/include/c++"
ignoring duplicate directory "C:/mingw64/lib/gcc/../../lib/gcc/x86_64-w64-mingw32/15.2.0/include/c++/x86_64-w64-mingw32"
ignoring duplicate directory "C:/mingw64/lib/gcc/../../lib/gcc/x86_64-w64-mingw32/15.2.0/include/c++/backward"
ignoring duplicate directory "C:/mingw64/lib/gcc/../../lib/gcc/x86_64-w64-mingw32/15.2.0/include"
ignoring nonexistent directory "C:/buildroot/x86_64-1520-mcf-seh-ucrt-rt_v13-rev0/mingw64D:/a/_temp/msys64/mingw64/lib/gcc/x86_64-w64-mingw32/15.2.0/../../../../include"
ignoring duplicate directory "C:/mingw64/lib/gcc/../../lib/gcc/x86_64-w64-mingw32/15.2.0/include-fixed"
ignoring duplicate directory "C:/mingw64/lib/gcc/../../lib/gcc/x86_64-w64-mingw32/15.2.0/../../../../x86_64-w64-mingw32/include"
ignoring nonexistent directory "C:/buildroot/x86_64-1520-mcf-seh-ucrt-rt_v13-rev0/mingw64/mingw/include"
#include "..." search starts here:
#include <...> search starts here:
 .
 sqlite3
 curl\include
 third_party\cmark-gfm\src
 scintilla_src\scintilla\include
 lexilla_src\lexilla\include
 C:/mingw64/bin/../lib/gcc/x86_64-w64-mingw32/15.2.0/include/c++
 C:/mingw64/bin/../lib/gcc/x86_64-w64-mingw32/15.2.0/include/c++/x86_64-w64-mingw32
 C:/mingw64/bin/../lib/gcc/x86_64-w64-mingw32/15.2.0/include/c++/backward
 C:/mingw64/bin/../lib/gcc/x86_64-w64-mingw32/15.2.0/include
 C:/mingw64/bin/../lib/gcc/x86_64-w64-mingw32/15.2.0/include-fixed
 C:/mingw64/bin/../lib/gcc/x86_64-w64-mingw32/15.2.0/../../../../x86_64-w64-mingw32/include
End of search list.
Compiler executable checksum: 61de8c4d747942bd598ac96411382eff
COLLECT_GCC_OPTIONS='-v' '-std=c++17' '-O2' '-Wall' '-mwindows' '-municode' '-I' '.' '-I' 'sqlite3' '-I' 'curl\include' '-I' 'third_party\cmark-gfm\src' '-D' 'CURL_STATICLIB' '-I' 'scintilla_src\scintilla\include' '-I' 'lexilla_src\lexilla\include' '-Lscintilla_src\scintilla\bin' '-Llexilla_src\lexilla\bin' '-Lcurl\lib' '-static' '-static-libgcc' '-o' 'NSBEdit.exe' '-mtune=core2' '-march=nocona' '-dumpdir' 'NSBEdit-'
 C:/mingw64/bin/../lib/gcc/x86_64-w64-mingw32/15.2.0/../../../../x86_64-w64-mingw32/bin/as.exe -v -I . -I sqlite3 -I curl\include -I third_party\cmark-gfm\src -I scintilla_src\scintilla\include -I lexilla_src\lexilla\include -o C:\Users\NALLEB~1\AppData\Local\Temp\cckwCmYD.o C:\Users\NALLEB~1\AppData\Local\Temp\ccz7LBkX.s
GNU assembler version 2.45 (x86_64-w64-mingw32) using BFD version (GNU Binutils) 2.45
COLLECT_GCC_OPTIONS='-v' '-std=c++17' '-O2' '-Wall' '-mwindows' '-municode' '-I' '.' '-I' 'sqlite3' '-I' 'curl\include' '-I' 'third_party\cmark-gfm\src' '-D' 'CURL_STATICLIB' '-I' 'scintilla_src\scintilla\include' '-I' 'lexilla_src\lexilla\include' '-Lscintilla_src\scintilla\bin' '-Llexilla_src\lexilla\bin' '-Lcurl\lib' '-static' '-static-libgcc' '-o' 'NSBEdit.exe' '-mtune=core2' '-march=nocona' '-dumpdir' 'NSBEdit-'
 C:/mingw64/bin/../libexec/gcc/x86_64-w64-mingw32/15.2.0/cc1plus.exe -quiet -v -I . -I sqlite3 -I curl\include -I third_party\cmark-gfm\src -I scintilla_src\scintilla\include -I lexilla_src\lexilla\include -iprefix C:/mingw64/bin/../lib/gcc/x86_64-w64-mingw32/15.2.0/ -DUNICODE -U_REENTRANT -D CURL_STATICLIB ne_tabs.cpp -quiet -dumpdir NSBEdit- -dumpbase ne_tabs.cpp -dumpbase-ext .cpp -mwindows -municode -mtune=core2 -march=nocona -O2 -Wall -std=c++17 -version -o C:\Users\NALLEB~1\AppData\Local\Temp\ccz7LBkX.s
GNU C++17 (x86_64-mcf-seh-rev0, Built by MinGW-Builds project) version 15.2.0 (x86_64-w64-mingw32)
	compiled by GNU C version 15.2.0, GMP version 6.2.1, MPFR version 4.1.0, MPC version 1.2.1, isl version isl-0.27-GMP

GGC heuristics: --param ggc-min-expand=100 --param ggc-min-heapsize=131072
ignoring duplicate directory "C:/mingw64/lib/gcc/../../lib/gcc/x86_64-w64-mingw32/15.2.0/include/c++"
ignoring duplicate directory "C:/mingw64/lib/gcc/../../lib/gcc/x86_64-w64-mingw32/15.2.0/include/c++/x86_64-w64-mingw32"
ignoring duplicate directory "C:/mingw64/lib/gcc/../../lib/gcc/x86_64-w64-mingw32/15.2.0/include/c++/backward"
ignoring duplicate directory "C:/mingw64/lib/gcc/../../lib/gcc/x86_64-w64-mingw32/15.2.0/include"
ignoring nonexistent directory "C:/buildroot/x86_64-1520-mcf-seh-ucrt-rt_v13-rev0/mingw64D:/a/_temp/msys64/mingw64/lib/gcc/x86_64-w64-mingw32/15.2.0/../../../../include"
ignoring duplicate directory "C:/mingw64/lib/gcc/../../lib/gcc/x86_64-w64-mingw32/15.2.0/include-fixed"
ignoring duplicate directory "C:/mingw64/lib/gcc/../../lib/gcc/x86_64-w64-mingw32/15.2.0/../../../../x86_64-w64-mingw32/include"
ignoring nonexistent directory "C:/buildroot/x86_64-1520-mcf-seh-ucrt-rt_v13-rev0/mingw64/mingw/include"
#include "..." search starts here:
#include <...> search starts here:
 .
 sqlite3
 curl\include
 third_party\cmark-gfm\src
 scintilla_src\scintilla\include
 lexilla_src\lexilla\include
 C:/mingw64/bin/../lib/gcc/x86_64-w64-mingw32/15.2.0/include/c++
 C:/mingw64/bin/../lib/gcc/x86_64-w64-mingw32/15.2.0/include/c++/x86_64-w64-mingw32
 C:/mingw64/bin/../lib/gcc/x86_64-w64-mingw32/15.2.0/include/c++/backward
 C:/mingw64/bin/../lib/gcc/x86_64-w64-mingw32/15.2.0/include
 C:/mingw64/bin/../lib/gcc/x86_64-w64-mingw32/15.2.0/include-fixed
 C:/mingw64/bin/../lib/gcc/x86_64-w64-mingw32/15.2.0/../../../../x86_64-w64-mingw32/include
End of search list.
Compiler executable checksum: 61de8c4d747942bd598ac96411382eff
COLLECT_GCC_OPTIONS='-v' '-std=c++17' '-O2' '-Wall' '-mwindows' '-municode' '-I' '.' '-I' 'sqlite3' '-I' 'curl\include' '-I' 'third_party\cmark-gfm\src' '-D' 'CURL_STATICLIB' '-I' 'scintilla_src\scintilla\include' '-I' 'lexilla_src\lexilla\include' '-Lscintilla_src\scintilla\bin' '-Llexilla_src\lexilla\bin' '-Lcurl\lib' '-static' '-static-libgcc' '-o' 'NSBEdit.exe' '-mtune=core2' '-march=nocona' '-dumpdir' 'NSBEdit-'
 C:/mingw64/bin/../lib/gcc/x86_64-w64-mingw32/15.2.0/../../../../x86_64-w64-mingw32/bin/as.exe -v -I . -I sqlite3 -I curl\include -I third_party\cmark-gfm\src -I scintilla_src\scintilla\include -I lexilla_src\lexilla\include -o C:\Users\NALLEB~1\AppData\Local\Temp\ccH5EnXN.o C:\Users\NALLEB~1\AppData\Local\Temp\ccz7LBkX.s
GNU assembler version 2.45 (x86_64-w64-mingw32) using BFD version (GNU Binutils) 2.45
COLLECT_GCC_OPTIONS='-v' '-std=c++17' '-O2' '-Wall' '-mwindows' '-municode' '-I' '.' '-I' 'sqlite3' '-I' 'curl\include' '-I' 'third_party\cmark-gfm\src' '-D' 'CURL_STATICLIB' '-I' 'scintilla_src\scintilla\include' '-I' 'lexilla_src\lexilla\include' '-Lscintilla_src\scintilla\bin' '-Llexilla_src\lexilla\bin' '-Lcurl\lib' '-static' '-static-libgcc' '-o' 'NSBEdit.exe' '-mtune=core2' '-march=nocona' '-dumpdir' 'NSBEdit-'
 C:/mingw64/bin/../libexec/gcc/x86_64-w64-mingw32/15.2.0/cc1plus.exe -quiet -v -I . -I sqlite3 -I curl\include -I third_party\cmark-gfm\src -I scintilla_src\scintilla\include -I lexilla_src\lexilla\include -iprefix C:/mingw64/bin/../lib/gcc/x86_64-w64-mingw32/15.2.0/ -DUNICODE -U_REENTRANT -D CURL_STATICLIB ne_statusbar.cpp -quiet -dumpdir NSBEdit- -dumpbase ne_statusbar.cpp -dumpbase-ext .cpp -mwindows -municode -mtune=core2 -march=nocona -O2 -Wall -std=c++17 -version -o C:\Users\NALLEB~1\AppData\Local\Temp\ccz7LBkX.s
GNU C++17 (x86_64-mcf-seh-rev0, Built by MinGW-Builds project) version 15.2.0 (x86_64-w64-mingw32)
	compiled by GNU C version 15.2.0, GMP version 6.2.1, MPFR version 4.1.0, MPC version 1.2.1, isl version isl-0.27-GMP

GGC heuristics: --param ggc-min-expand=100 --param ggc-min-heapsize=131072
ignoring duplicate directory "C:/mingw64/lib/gcc/../../lib/gcc/x86_64-w64-mingw32/15.2.0/include/c++"
ignoring duplicate directory "C:/mingw64/lib/gcc/../../lib/gcc/x86_64-w64-mingw32/15.2.0/include/c++/x86_64-w64-mingw32"
ignoring duplicate directory "C:/mingw64/lib/gcc/../../lib/gcc/x86_64-w64-mingw32/15.2.0/include/c++/backward"
ignoring duplicate directory "C:/mingw64/lib/gcc/../../lib/gcc/x86_64-w64-mingw32/15.2.0/include"
ignoring nonexistent directory "C:/buildroot/x86_64-1520-mcf-seh-ucrt-rt_v13-rev0/mingw64D:/a/_temp/msys64/mingw64/lib/gcc/x86_64-w64-mingw32/15.2.0/../../../../include"
ignoring duplicate directory "C:/mingw64/lib/gcc/../../lib/gcc/x86_64-w64-mingw32/15.2.0/include-fixed"
ignoring duplicate directory "C:/mingw64/lib/gcc/../../lib/gcc/x86_64-w64-mingw32/15.2.0/../../../../x86_64-w64-mingw32/include"
ignoring nonexistent directory "C:/buildroot/x86_64-1520-mcf-seh-ucrt-rt_v13-rev0/mingw64/mingw/include"
#include "..." search starts here:
#include <...> search starts here:
 .
 sqlite3
 curl\include
 third_party\cmark-gfm\src
 scintilla_src\scintilla\include
 lexilla_src\lexilla\include
 C:/mingw64/bin/../lib/gcc/x86_64-w64-mingw32/15.2.0/include/c++
 C:/mingw64/bin/../lib/gcc/x86_64-w64-mingw32/15.2.0/include/c++/x86_64-w64-mingw32
 C:/mingw64/bin/../lib/gcc/x86_64-w64-mingw32/15.2.0/include/c++/backward
 C:/mingw64/bin/../lib/gcc/x86_64-w64-mingw32/15.2.0/include
 C:/mingw64/bin/../lib/gcc/x86_64-w64-mingw32/15.2.0/include-fixed
 C:/mingw64/bin/../lib/gcc/x86_64-w64-mingw32/15.2.0/../../../../x86_64-w64-mingw32/include
End of search list.
Compiler executable checksum: 61de8c4d747942bd598ac96411382eff
COLLECT_GCC_OPTIONS='-v' '-std=c++17' '-O2' '-Wall' '-mwindows' '-municode' '-I' '.' '-I' 'sqlite3' '-I' 'curl\include' '-I' 'third_party\cmark-gfm\src' '-D' 'CURL_STATICLIB' '-I' 'scintilla_src\scintilla\include' '-I' 'lexilla_src\lexilla\include' '-Lscintilla_src\scintilla\bin' '-Llexilla_src\lexilla\bin' '-Lcurl\lib' '-static' '-static-libgcc' '-o' 'NSBEdit.exe' '-mtune=core2' '-march=nocona' '-dumpdir' 'NSBEdit-'
 C:/mingw64/bin/../lib/gcc/x86_64-w64-mingw32/15.2.0/../../../../x86_64-w64-mingw32/bin/as.exe -v -I . -I sqlite3 -I curl\include -I third_party\cmark-gfm\src -I scintilla_src\scintilla\include -I lexilla_src\lexilla\include -o C:\Users\NALLEB~1\AppData\Local\Temp\cc8Jv3E8.o C:\Users\NALLEB~1\AppData\Local\Temp\ccz7LBkX.s
GNU assembler version 2.45 (x86_64-w64-mingw32) using BFD version (GNU Binutils) 2.45
COLLECT_GCC_OPTIONS='-v' '-std=c++17' '-O2' '-Wall' '-mwindows' '-municode' '-I' '.' '-I' 'sqlite3' '-I' 'curl\include' '-I' 'third_party\cmark-gfm\src' '-D' 'CURL_STATICLIB' '-I' 'scintilla_src\scintilla\include' '-I' 'lexilla_src\lexilla\include' '-Lscintilla_src\scintilla\bin' '-Llexilla_src\lexilla\bin' '-Lcurl\lib' '-static' '-static-libgcc' '-o' 'NSBEdit.exe' '-mtune=core2' '-march=nocona' '-dumpdir' 'NSBEdit-'
 C:/mingw64/bin/../libexec/gcc/x86_64-w64-mingw32/15.2.0/cc1plus.exe -quiet -v -I . -I sqlite3 -I curl\include -I third_party\cmark-gfm\src -I scintilla_src\scintilla\include -I lexilla_src\lexilla\include -iprefix C:/mingw64/bin/../lib/gcc/x86_64-w64-mingw32/15.2.0/ -DUNICODE -U_REENTRANT -D CURL_STATICLIB dpi.cpp -quiet -dumpdir NSBEdit- -dumpbase dpi.cpp -dumpbase-ext .cpp -mwindows -municode -mtune=core2 -march=nocona -O2 -Wall -std=c++17 -version -o C:\Users\NALLEB~1\AppData\Local\Temp\ccz7LBkX.s
GNU C++17 (x86_64-mcf-seh-rev0, Built by MinGW-Builds project) version 15.2.0 (x86_64-w64-mingw32)
	compiled by GNU C version 15.2.0, GMP version 6.2.1, MPFR version 4.1.0, MPC version 1.2.1, isl version isl-0.27-GMP

GGC heuristics: --param ggc-min-expand=100 --param ggc-min-heapsize=131072
ignoring duplicate directory "C:/mingw64/lib/gcc/../../lib/gcc/x86_64-w64-mingw32/15.2.0/include/c++"
ignoring duplicate directory "C:/mingw64/lib/gcc/../../lib/gcc/x86_64-w64-mingw32/15.2.0/include/c++/x86_64-w64-mingw32"
ignoring duplicate directory "C:/mingw64/lib/gcc/../../lib/gcc/x86_64-w64-mingw32/15.2.0/include/c++/backward"
ignoring duplicate directory "C:/mingw64/lib/gcc/../../lib/gcc/x86_64-w64-mingw32/15.2.0/include"
ignoring nonexistent directory "C:/buildroot/x86_64-1520-mcf-seh-ucrt-rt_v13-rev0/mingw64D:/a/_temp/msys64/mingw64/lib/gcc/x86_64-w64-mingw32/15.2.0/../../../../include"
ignoring duplicate directory "C:/mingw64/lib/gcc/../../lib/gcc/x86_64-w64-mingw32/15.2.0/include-fixed"
ignoring duplicate directory "C:/mingw64/lib/gcc/../../lib/gcc/x86_64-w64-mingw32/15.2.0/../../../../x86_64-w64-mingw32/include"
ignoring nonexistent directory "C:/buildroot/x86_64-1520-mcf-seh-ucrt-rt_v13-rev0/mingw64/mingw/include"
#include "..." search starts here:
#include <...> search starts here:
 .
 sqlite3
 curl\include
 third_party\cmark-gfm\src
 scintilla_src\scintilla\include
 lexilla_src\lexilla\include
 C:/mingw64/bin/../lib/gcc/x86_64-w64-mingw32/15.2.0/include/c++
 C:/mingw64/bin/../lib/gcc/x86_64-w64-mingw32/15.2.0/include/c++/x86_64-w64-mingw32
 C:/mingw64/bin/../lib/gcc/x86_64-w64-mingw32/15.2.0/include/c++/backward
 C:/mingw64/bin/../lib/gcc/x86_64-w64-mingw32/15.2.0/include
 C:/mingw64/bin/../lib/gcc/x86_64-w64-mingw32/15.2.0/include-fixed
 C:/mingw64/bin/../lib/gcc/x86_64-w64-mingw32/15.2.0/../../../../x86_64-w64-mingw32/include
End of search list.
Compiler executable checksum: 61de8c4d747942bd598ac96411382eff
COLLECT_GCC_OPTIONS='-v' '-std=c++17' '-O2' '-Wall' '-mwindows' '-municode' '-I' '.' '-I' 'sqlite3' '-I' 'curl\include' '-I' 'third_party\cmark-gfm\src' '-D' 'CURL_STATICLIB' '-I' 'scintilla_src\scintilla\include' '-I' 'lexilla_src\lexilla\include' '-Lscintilla_src\scintilla\bin' '-Llexilla_src\lexilla\bin' '-Lcurl\lib' '-static' '-static-libgcc' '-o' 'NSBEdit.exe' '-mtune=core2' '-march=nocona' '-dumpdir' 'NSBEdit-'
 C:/mingw64/bin/../lib/gcc/x86_64-w64-mingw32/15.2.0/../../../../x86_64-w64-mingw32/bin/as.exe -v -I . -I sqlite3 -I curl\include -I third_party\cmark-gfm\src -I scintilla_src\scintilla\include -I lexilla_src\lexilla\include -o C:\Users\NALLEB~1\AppData\Local\Temp\cc4BzWVn.o C:\Users\NALLEB~1\AppData\Local\Temp\ccz7LBkX.s
GNU assembler version 2.45 (x86_64-w64-mingw32) using BFD version (GNU Binutils) 2.45
COLLECT_GCC_OPTIONS='-v' '-std=c++17' '-O2' '-Wall' '-mwindows' '-municode' '-I' '.' '-I' 'sqlite3' '-I' 'curl\include' '-I' 'third_party\cmark-gfm\src' '-D' 'CURL_STATICLIB' '-I' 'scintilla_src\scintilla\include' '-I' 'lexilla_src\lexilla\include' '-Lscintilla_src\scintilla\bin' '-Llexilla_src\lexilla\bin' '-Lcurl\lib' '-static' '-static-libgcc' '-o' 'NSBEdit.exe' '-mtune=core2' '-march=nocona' '-dumpdir' 'NSBEdit-'
 C:/mingw64/bin/../libexec/gcc/x86_64-w64-mingw32/15.2.0/cc1plus.exe -quiet -v -I . -I sqlite3 -I curl\include -I third_party\cmark-gfm\src -I scintilla_src\scintilla\include -I lexilla_src\lexilla\include -iprefix C:/mingw64/bin/../lib/gcc/x86_64-w64-mingw32/15.2.0/ -DUNICODE -U_REENTRANT -D CURL_STATICLIB tooltip\tooltip.cpp -quiet -dumpdir NSBEdit- -dumpbase tooltip.cpp -dumpbase-ext .cpp -mwindows -municode -mtune=core2 -march=nocona -O2 -Wall -std=c++17 -version -o C:\Users\NALLEB~1\AppData\Local\Temp\ccz7LBkX.s
GNU C++17 (x86_64-mcf-seh-rev0, Built by MinGW-Builds project) version 15.2.0 (x86_64-w64-mingw32)
	compiled by GNU C version 15.2.0, GMP version 6.2.1, MPFR version 4.1.0, MPC version 1.2.1, isl version isl-0.27-GMP

GGC heuristics: --param ggc-min-expand=100 --param ggc-min-heapsize=131072
ignoring duplicate directory "C:/mingw64/lib/gcc/../../lib/gcc/x86_64-w64-mingw32/15.2.0/include/c++"
ignoring duplicate directory "C:/mingw64/lib/gcc/../../lib/gcc/x86_64-w64-mingw32/15.2.0/include/c++/x86_64-w64-mingw32"
ignoring duplicate directory "C:/mingw64/lib/gcc/../../lib/gcc/x86_64-w64-mingw32/15.2.0/include/c++/backward"
ignoring duplicate directory "C:/mingw64/lib/gcc/../../lib/gcc/x86_64-w64-mingw32/15.2.0/include"
ignoring nonexistent directory "C:/buildroot/x86_64-1520-mcf-seh-ucrt-rt_v13-rev0/mingw64D:/a/_temp/msys64/mingw64/lib/gcc/x86_64-w64-mingw32/15.2.0/../../../../include"
ignoring duplicate directory "C:/mingw64/lib/gcc/../../lib/gcc/x86_64-w64-mingw32/15.2.0/include-fixed"
ignoring duplicate directory "C:/mingw64/lib/gcc/../../lib/gcc/x86_64-w64-mingw32/15.2.0/../../../../x86_64-w64-mingw32/include"
ignoring nonexistent directory "C:/buildroot/x86_64-1520-mcf-seh-ucrt-rt_v13-rev0/mingw64/mingw/include"
#include "..." search starts here:
#include <...> search starts here:
 .
 sqlite3
 curl\include
 third_party\cmark-gfm\src
 scintilla_src\scintilla\include
 lexilla_src\lexilla\include
 C:/mingw64/bin/../lib/gcc/x86_64-w64-mingw32/15.2.0/include/c++
 C:/mingw64/bin/../lib/gcc/x86_64-w64-mingw32/15.2.0/include/c++/x86_64-w64-mingw32
 C:/mingw64/bin/../lib/gcc/x86_64-w64-mingw32/15.2.0/include/c++/backward
 C:/mingw64/bin/../lib/gcc/x86_64-w64-mingw32/15.2.0/include
 C:/mingw64/bin/../lib/gcc/x86_64-w64-mingw32/15.2.0/include-fixed
 C:/mingw64/bin/../lib/gcc/x86_64-w64-mingw32/15.2.0/../../../../x86_64-w64-mingw32/include
End of search list.
Compiler executable checksum: 61de8c4d747942bd598ac96411382eff
COLLECT_GCC_OPTIONS='-v' '-std=c++17' '-O2' '-Wall' '-mwindows' '-municode' '-I' '.' '-I' 'sqlite3' '-I' 'curl\include' '-I' 'third_party\cmark-gfm\src' '-D' 'CURL_STATICLIB' '-I' 'scintilla_src\scintilla\include' '-I' 'lexilla_src\lexilla\include' '-Lscintilla_src\scintilla\bin' '-Llexilla_src\lexilla\bin' '-Lcurl\lib' '-static' '-static-libgcc' '-o' 'NSBEdit.exe' '-mtune=core2' '-march=nocona' '-dumpdir' 'NSBEdit-'
 C:/mingw64/bin/../lib/gcc/x86_64-w64-mingw32/15.2.0/../../../../x86_64-w64-mingw32/bin/as.exe -v -I . -I sqlite3 -I curl\include -I third_party\cmark-gfm\src -I scintilla_src\scintilla\include -I lexilla_src\lexilla\include -o C:\Users\NALLEB~1\AppData\Local\Temp\ccU1S3Ql.o C:\Users\NALLEB~1\AppData\Local\Temp\ccz7LBkX.s
GNU assembler version 2.45 (x86_64-w64-mingw32) using BFD version (GNU Binutils) 2.45
COLLECT_GCC_OPTIONS='-v' '-std=c++17' '-O2' '-Wall' '-mwindows' '-municode' '-I' '.' '-I' 'sqlite3' '-I' 'curl\include' '-I' 'third_party\cmark-gfm\src' '-D' 'CURL_STATICLIB' '-I' 'scintilla_src\scintilla\include' '-I' 'lexilla_src\lexilla\include' '-Lscintilla_src\scintilla\bin' '-Llexilla_src\lexilla\bin' '-Lcurl\lib' '-static' '-static-libgcc' '-o' 'NSBEdit.exe' '-mtune=core2' '-march=nocona' '-dumpdir' 'NSBEdit-'
 C:/mingw64/bin/../libexec/gcc/x86_64-w64-mingw32/15.2.0/cc1plus.exe -quiet -v -I . -I sqlite3 -I curl\include -I third_party\cmark-gfm\src -I scintilla_src\scintilla\include -I lexilla_src\lexilla\include -iprefix C:/mingw64/bin/../lib/gcc/x86_64-w64-mingw32/15.2.0/ -DUNICODE -U_REENTRANT -D CURL_STATICLIB scroll\my_scrollbar_vscroll.cpp -quiet -dumpdir NSBEdit- -dumpbase my_scrollbar_vscroll.cpp -dumpbase-ext .cpp -mwindows -municode -mtune=core2 -march=nocona -O2 -Wall -std=c++17 -version -o C:\Users\NALLEB~1\AppData\Local\Temp\ccz7LBkX.s
GNU C++17 (x86_64-mcf-seh-rev0, Built by MinGW-Builds project) version 15.2.0 (x86_64-w64-mingw32)
	compiled by GNU C version 15.2.0, GMP version 6.2.1, MPFR version 4.1.0, MPC version 1.2.1, isl version isl-0.27-GMP

GGC heuristics: --param ggc-min-expand=100 --param ggc-min-heapsize=131072
ignoring duplicate directory "C:/mingw64/lib/gcc/../../lib/gcc/x86_64-w64-mingw32/15.2.0/include/c++"
ignoring duplicate directory "C:/mingw64/lib/gcc/../../lib/gcc/x86_64-w64-mingw32/15.2.0/include/c++/x86_64-w64-mingw32"
ignoring duplicate directory "C:/mingw64/lib/gcc/../../lib/gcc/x86_64-w64-mingw32/15.2.0/include/c++/backward"
ignoring duplicate directory "C:/mingw64/lib/gcc/../../lib/gcc/x86_64-w64-mingw32/15.2.0/include"
ignoring nonexistent directory "C:/buildroot/x86_64-1520-mcf-seh-ucrt-rt_v13-rev0/mingw64D:/a/_temp/msys64/mingw64/lib/gcc/x86_64-w64-mingw32/15.2.0/../../../../include"
ignoring duplicate directory "C:/mingw64/lib/gcc/../../lib/gcc/x86_64-w64-mingw32/15.2.0/include-fixed"
ignoring duplicate directory "C:/mingw64/lib/gcc/../../lib/gcc/x86_64-w64-mingw32/15.2.0/../../../../x86_64-w64-mingw32/include"
ignoring nonexistent directory "C:/buildroot/x86_64-1520-mcf-seh-ucrt-rt_v13-rev0/mingw64/mingw/include"
#include "..." search starts here:
#include <...> search starts here:
 .
 sqlite3
 curl\include
 third_party\cmark-gfm\src
 scintilla_src\scintilla\include
 lexilla_src\lexilla\include
 C:/mingw64/bin/../lib/gcc/x86_64-w64-mingw32/15.2.0/include/c++
 C:/mingw64/bin/../lib/gcc/x86_64-w64-mingw32/15.2.0/include/c++/x86_64-w64-mingw32
 C:/mingw64/bin/../lib/gcc/x86_64-w64-mingw32/15.2.0/include/c++/backward
 C:/mingw64/bin/../lib/gcc/x86_64-w64-mingw32/15.2.0/include
 C:/mingw64/bin/../lib/gcc/x86_64-w64-mingw32/15.2.0/include-fixed
 C:/mingw64/bin/../lib/gcc/x86_64-w64-mingw32/15.2.0/../../../../x86_64-w64-mingw32/include
End of search list.
Compiler executable checksum: 61de8c4d747942bd598ac96411382eff
COLLECT_GCC_OPTIONS='-v' '-std=c++17' '-O2' '-Wall' '-mwindows' '-municode' '-I' '.' '-I' 'sqlite3' '-I' 'curl\include' '-I' 'third_party\cmark-gfm\src' '-D' 'CURL_STATICLIB' '-I' 'scintilla_src\scintilla\include' '-I' 'lexilla_src\lexilla\include' '-Lscintilla_src\scintilla\bin' '-Llexilla_src\lexilla\bin' '-Lcurl\lib' '-static' '-static-libgcc' '-o' 'NSBEdit.exe' '-mtune=core2' '-march=nocona' '-dumpdir' 'NSBEdit-'
 C:/mingw64/bin/../lib/gcc/x86_64-w64-mingw32/15.2.0/../../../../x86_64-w64-mingw32/bin/as.exe -v -I . -I sqlite3 -I curl\include -I third_party\cmark-gfm\src -I scintilla_src\scintilla\include -I lexilla_src\lexilla\include -o C:\Users\NALLEB~1\AppData\Local\Temp\ccm8m8LK.o C:\Users\NALLEB~1\AppData\Local\Temp\ccz7LBkX.s
GNU assembler version 2.45 (x86_64-w64-mingw32) using BFD version (GNU Binutils) 2.45
COLLECT_GCC_OPTIONS='-v' '-std=c++17' '-O2' '-Wall' '-mwindows' '-municode' '-I' '.' '-I' 'sqlite3' '-I' 'curl\include' '-I' 'third_party\cmark-gfm\src' '-D' 'CURL_STATICLIB' '-I' 'scintilla_src\scintilla\include' '-I' 'lexilla_src\lexilla\include' '-Lscintilla_src\scintilla\bin' '-Llexilla_src\lexilla\bin' '-Lcurl\lib' '-static' '-static-libgcc' '-o' 'NSBEdit.exe' '-mtune=core2' '-march=nocona' '-dumpdir' 'NSBEdit-'
 C:/mingw64/bin/../libexec/gcc/x86_64-w64-mingw32/15.2.0/cc1plus.exe -quiet -v -I . -I sqlite3 -I curl\include -I third_party\cmark-gfm\src -I scintilla_src\scintilla\include -I lexilla_src\lexilla\include -iprefix C:/mingw64/bin/../lib/gcc/x86_64-w64-mingw32/15.2.0/ -DUNICODE -U_REENTRANT -D CURL_STATICLIB highlight\highlight.cpp -quiet -dumpdir NSBEdit- -dumpbase highlight.cpp -dumpbase-ext .cpp -mwindows -municode -mtune=core2 -march=nocona -O2 -Wall -std=c++17 -version -o C:\Users\NALLEB~1\AppData\Local\Temp\ccz7LBkX.s
GNU C++17 (x86_64-mcf-seh-rev0, Built by MinGW-Builds project) version 15.2.0 (x86_64-w64-mingw32)
	compiled by GNU C version 15.2.0, GMP version 6.2.1, MPFR version 4.1.0, MPC version 1.2.1, isl version isl-0.27-GMP

GGC heuristics: --param ggc-min-expand=100 --param ggc-min-heapsize=131072
ignoring duplicate directory "C:/mingw64/lib/gcc/../../lib/gcc/x86_64-w64-mingw32/15.2.0/include/c++"
ignoring duplicate directory "C:/mingw64/lib/gcc/../../lib/gcc/x86_64-w64-mingw32/15.2.0/include/c++/x86_64-w64-mingw32"
ignoring duplicate directory "C:/mingw64/lib/gcc/../../lib/gcc/x86_64-w64-mingw32/15.2.0/include/c++/backward"
ignoring duplicate directory "C:/mingw64/lib/gcc/../../lib/gcc/x86_64-w64-mingw32/15.2.0/include"
ignoring nonexistent directory "C:/buildroot/x86_64-1520-mcf-seh-ucrt-rt_v13-rev0/mingw64D:/a/_temp/msys64/mingw64/lib/gcc/x86_64-w64-mingw32/15.2.0/../../../../include"
ignoring duplicate directory "C:/mingw64/lib/gcc/../../lib/gcc/x86_64-w64-mingw32/15.2.0/include-fixed"
ignoring duplicate directory "C:/mingw64/lib/gcc/../../lib/gcc/x86_64-w64-mingw32/15.2.0/../../../../x86_64-w64-mingw32/include"
ignoring nonexistent directory "C:/buildroot/x86_64-1520-mcf-seh-ucrt-rt_v13-rev0/mingw64/mingw/include"
#include "..." search starts here:
#include <...> search starts here:
 .
 sqlite3
 curl\include
 third_party\cmark-gfm\src
 scintilla_src\scintilla\include
 lexilla_src\lexilla\include
 C:/mingw64/bin/../lib/gcc/x86_64-w64-mingw32/15.2.0/include/c++
 C:/mingw64/bin/../lib/gcc/x86_64-w64-mingw32/15.2.0/include/c++/x86_64-w64-mingw32
 C:/mingw64/bin/../lib/gcc/x86_64-w64-mingw32/15.2.0/include/c++/backward
 C:/mingw64/bin/../lib/gcc/x86_64-w64-mingw32/15.2.0/include
 C:/mingw64/bin/../lib/gcc/x86_64-w64-mingw32/15.2.0/include-fixed
 C:/mingw64/bin/../lib/gcc/x86_64-w64-mingw32/15.2.0/../../../../x86_64-w64-mingw32/include
End of search list.
Compiler executable checksum: 61de8c4d747942bd598ac96411382eff
COLLECT_GCC_OPTIONS='-v' '-std=c++17' '-O2' '-Wall' '-mwindows' '-municode' '-I' '.' '-I' 'sqlite3' '-I' 'curl\include' '-I' 'third_party\cmark-gfm\src' '-D' 'CURL_STATICLIB' '-I' 'scintilla_src\scintilla\include' '-I' 'lexilla_src\lexilla\include' '-Lscintilla_src\scintilla\bin' '-Llexilla_src\lexilla\bin' '-Lcurl\lib' '-static' '-static-libgcc' '-o' 'NSBEdit.exe' '-mtune=core2' '-march=nocona' '-dumpdir' 'NSBEdit-'
 C:/mingw64/bin/../lib/gcc/x86_64-w64-mingw32/15.2.0/../../../../x86_64-w64-mingw32/bin/as.exe -v -I . -I sqlite3 -I curl\include -I third_party\cmark-gfm\src -I scintilla_src\scintilla\include -I lexilla_src\lexilla\include -o C:\Users\NALLEB~1\AppData\Local\Temp\ccVtpzjp.o C:\Users\NALLEB~1\AppData\Local\Temp\ccz7LBkX.s
GNU assembler version 2.45 (x86_64-w64-mingw32) using BFD version (GNU Binutils) 2.45
COLLECT_GCC_OPTIONS='-v' '-std=c++17' '-O2' '-Wall' '-mwindows' '-municode' '-I' '.' '-I' 'sqlite3' '-I' 'curl\include' '-I' 'third_party\cmark-gfm\src' '-D' 'CURL_STATICLIB' '-I' 'scintilla_src\scintilla\include' '-I' 'lexilla_src\lexilla\include' '-Lscintilla_src\scintilla\bin' '-Llexilla_src\lexilla\bin' '-Lcurl\lib' '-static' '-static-libgcc' '-o' 'NSBEdit.exe' '-mtune=core2' '-march=nocona' '-dumpdir' 'NSBEdit-'
 C:/mingw64/bin/../libexec/gcc/x86_64-w64-mingw32/15.2.0/cc1plus.exe -quiet -v -I . -I sqlite3 -I curl\include -I third_party\cmark-gfm\src -I scintilla_src\scintilla\include -I lexilla_src\lexilla\include -iprefix C:/mingw64/bin/../lib/gcc/x86_64-w64-mingw32/15.2.0/ -DUNICODE -U_REENTRANT -D CURL_STATICLIB checkbox.cpp -quiet -dumpdir NSBEdit- -dumpbase checkbox.cpp -dumpbase-ext .cpp -mwindows -municode -mtune=core2 -march=nocona -O2 -Wall -std=c++17 -version -o C:\Users\NALLEB~1\AppData\Local\Temp\ccz7LBkX.s
GNU C++17 (x86_64-mcf-seh-rev0, Built by MinGW-Builds project) version 15.2.0 (x86_64-w64-mingw32)
	compiled by GNU C version 15.2.0, GMP version 6.2.1, MPFR version 4.1.0, MPC version 1.2.1, isl version isl-0.27-GMP

GGC heuristics: --param ggc-min-expand=100 --param ggc-min-heapsize=131072
ignoring duplicate directory "C:/mingw64/lib/gcc/../../lib/gcc/x86_64-w64-mingw32/15.2.0/include/c++"
ignoring duplicate directory "C:/mingw64/lib/gcc/../../lib/gcc/x86_64-w64-mingw32/15.2.0/include/c++/x86_64-w64-mingw32"
ignoring duplicate directory "C:/mingw64/lib/gcc/../../lib/gcc/x86_64-w64-mingw32/15.2.0/include/c++/backward"
ignoring duplicate directory "C:/mingw64/lib/gcc/../../lib/gcc/x86_64-w64-mingw32/15.2.0/include"
ignoring nonexistent directory "C:/buildroot/x86_64-1520-mcf-seh-ucrt-rt_v13-rev0/mingw64D:/a/_temp/msys64/mingw64/lib/gcc/x86_64-w64-mingw32/15.2.0/../../../../include"
ignoring duplicate directory "C:/mingw64/lib/gcc/../../lib/gcc/x86_64-w64-mingw32/15.2.0/include-fixed"
ignoring duplicate directory "C:/mingw64/lib/gcc/../../lib/gcc/x86_64-w64-mingw32/15.2.0/../../../../x86_64-w64-mingw32/include"
ignoring nonexistent directory "C:/buildroot/x86_64-1520-mcf-seh-ucrt-rt_v13-rev0/mingw64/mingw/include"
#include "..." search starts here:
#include <...> search starts here:
 .
 sqlite3
 curl\include
 third_party\cmark-gfm\src
 scintilla_src\scintilla\include
 lexilla_src\lexilla\include
 C:/mingw64/bin/../lib/gcc/x86_64-w64-mingw32/15.2.0/include/c++
 C:/mingw64/bin/../lib/gcc/x86_64-w64-mingw32/15.2.0/include/c++/x86_64-w64-mingw32
 C:/mingw64/bin/../lib/gcc/x86_64-w64-mingw32/15.2.0/include/c++/backward
 C:/mingw64/bin/../lib/gcc/x86_64-w64-mingw32/15.2.0/include
 C:/mingw64/bin/../lib/gcc/x86_64-w64-mingw32/15.2.0/include-fixed
 C:/mingw64/bin/../lib/gcc/x86_64-w64-mingw32/15.2.0/../../../../x86_64-w64-mingw32/include
End of search list.
Compiler executable checksum: 61de8c4d747942bd598ac96411382eff
COLLECT_GCC_OPTIONS='-v' '-std=c++17' '-O2' '-Wall' '-mwindows' '-municode' '-I' '.' '-I' 'sqlite3' '-I' 'curl\include' '-I' 'third_party\cmark-gfm\src' '-D' 'CURL_STATICLIB' '-I' 'scintilla_src\scintilla\include' '-I' 'lexilla_src\lexilla\include' '-Lscintilla_src\scintilla\bin' '-Llexilla_src\lexilla\bin' '-Lcurl\lib' '-static' '-static-libgcc' '-o' 'NSBEdit.exe' '-mtune=core2' '-march=nocona' '-dumpdir' 'NSBEdit-'
 C:/mingw64/bin/../lib/gcc/x86_64-w64-mingw32/15.2.0/../../../../x86_64-w64-mingw32/bin/as.exe -v -I . -I sqlite3 -I curl\include -I third_party\cmark-gfm\src -I scintilla_src\scintilla\include -I lexilla_src\lexilla\include -o C:\Users\NALLEB~1\AppData\Local\Temp\ccxAfMQo.o C:\Users\NALLEB~1\AppData\Local\Temp\ccz7LBkX.s
GNU assembler version 2.45 (x86_64-w64-mingw32) using BFD version (GNU Binutils) 2.45
COLLECT_GCC_OPTIONS='-v' '-std=c++17' '-O2' '-Wall' '-mwindows' '-municode' '-I' '.' '-I' 'sqlite3' '-I' 'curl\include' '-I' 'third_party\cmark-gfm\src' '-D' 'CURL_STATICLIB' '-I' 'scintilla_src\scintilla\include' '-I' 'lexilla_src\lexilla\include' '-Lscintilla_src\scintilla\bin' '-Llexilla_src\lexilla\bin' '-Lcurl\lib' '-static' '-static-libgcc' '-o' 'NSBEdit.exe' '-mtune=core2' '-march=nocona' '-dumpdir' 'NSBEdit-'
 C:/mingw64/bin/../libexec/gcc/x86_64-w64-mingw32/15.2.0/cc1plus.exe -quiet -v -I . -I sqlite3 -I curl\include -I third_party\cmark-gfm\src -I scintilla_src\scintilla\include -I lexilla_src\lexilla\include -iprefix C:/mingw64/bin/../lib/gcc/x86_64-w64-mingw32/15.2.0/ -DUNICODE -U_REENTRANT -D CURL_STATICLIB regex_guide\regex_guide.cpp -quiet -dumpdir NSBEdit- -dumpbase regex_guide.cpp -dumpbase-ext .cpp -mwindows -municode -mtune=core2 -march=nocona -O2 -Wall -std=c++17 -version -o C:\Users\NALLEB~1\AppData\Local\Temp\ccz7LBkX.s
GNU C++17 (x86_64-mcf-seh-rev0, Built by MinGW-Builds project) version 15.2.0 (x86_64-w64-mingw32)
	compiled by GNU C version 15.2.0, GMP version 6.2.1, MPFR version 4.1.0, MPC version 1.2.1, isl version isl-0.27-GMP

GGC heuristics: --param ggc-min-expand=100 --param ggc-min-heapsize=131072
ignoring duplicate directory "C:/mingw64/lib/gcc/../../lib/gcc/x86_64-w64-mingw32/15.2.0/include/c++"
ignoring duplicate directory "C:/mingw64/lib/gcc/../../lib/gcc/x86_64-w64-mingw32/15.2.0/include/c++/x86_64-w64-mingw32"
ignoring duplicate directory "C:/mingw64/lib/gcc/../../lib/gcc/x86_64-w64-mingw32/15.2.0/include/c++/backward"
ignoring duplicate directory "C:/mingw64/lib/gcc/../../lib/gcc/x86_64-w64-mingw32/15.2.0/include"
ignoring nonexistent directory "C:/buildroot/x86_64-1520-mcf-seh-ucrt-rt_v13-rev0/mingw64D:/a/_temp/msys64/mingw64/lib/gcc/x86_64-w64-mingw32/15.2.0/../../../../include"
ignoring duplicate directory "C:/mingw64/lib/gcc/../../lib/gcc/x86_64-w64-mingw32/15.2.0/include-fixed"
ignoring duplicate directory "C:/mingw64/lib/gcc/../../lib/gcc/x86_64-w64-mingw32/15.2.0/../../../../x86_64-w64-mingw32/include"
ignoring nonexistent directory "C:/buildroot/x86_64-1520-mcf-seh-ucrt-rt_v13-rev0/mingw64/mingw/include"
#include "..." search starts here:
#include <...> search starts here:
 .
 sqlite3
 curl\include
 third_party\cmark-gfm\src
 scintilla_src\scintilla\include
 lexilla_src\lexilla\include
 C:/mingw64/bin/../lib/gcc/x86_64-w64-mingw32/15.2.0/include/c++
 C:/mingw64/bin/../lib/gcc/x86_64-w64-mingw32/15.2.0/include/c++/x86_64-w64-mingw32
 C:/mingw64/bin/../lib/gcc/x86_64-w64-mingw32/15.2.0/include/c++/backward
 C:/mingw64/bin/../lib/gcc/x86_64-w64-mingw32/15.2.0/include
 C:/mingw64/bin/../lib/gcc/x86_64-w64-mingw32/15.2.0/include-fixed
 C:/mingw64/bin/../lib/gcc/x86_64-w64-mingw32/15.2.0/../../../../x86_64-w64-mingw32/include
End of search list.
Compiler executable checksum: 61de8c4d747942bd598ac96411382eff
COLLECT_GCC_OPTIONS='-v' '-std=c++17' '-O2' '-Wall' '-mwindows' '-municode' '-I' '.' '-I' 'sqlite3' '-I' 'curl\include' '-I' 'third_party\cmark-gfm\src' '-D' 'CURL_STATICLIB' '-I' 'scintilla_src\scintilla\include' '-I' 'lexilla_src\lexilla\include' '-Lscintilla_src\scintilla\bin' '-Llexilla_src\lexilla\bin' '-Lcurl\lib' '-static' '-static-libgcc' '-o' 'NSBEdit.exe' '-mtune=core2' '-march=nocona' '-dumpdir' 'NSBEdit-'
 C:/mingw64/bin/../lib/gcc/x86_64-w64-mingw32/15.2.0/../../../../x86_64-w64-mingw32/bin/as.exe -v -I . -I sqlite3 -I curl\include -I third_party\cmark-gfm\src -I scintilla_src\scintilla\include -I lexilla_src\lexilla\include -o C:\Users\NALLEB~1\AppData\Local\Temp\ccLBhPcW.o C:\Users\NALLEB~1\AppData\Local\Temp\ccz7LBkX.s
GNU assembler version 2.45 (x86_64-w64-mingw32) using BFD version (GNU Binutils) 2.45
COLLECT_GCC_OPTIONS='-v' '-std=c++17' '-O2' '-Wall' '-mwindows' '-municode' '-I' '.' '-I' 'sqlite3' '-I' 'curl\include' '-I' 'third_party\cmark-gfm\src' '-D' 'CURL_STATICLIB' '-I' 'scintilla_src\scintilla\include' '-I' 'lexilla_src\lexilla\include' '-Lscintilla_src\scintilla\bin' '-Llexilla_src\lexilla\bin' '-Lcurl\lib' '-static' '-static-libgcc' '-o' 'NSBEdit.exe' '-mtune=core2' '-march=nocona' '-dumpdir' 'NSBEdit-'
 C:/mingw64/bin/../libexec/gcc/x86_64-w64-mingw32/15.2.0/cc1plus.exe -quiet -v -I . -I sqlite3 -I curl\include -I third_party\cmark-gfm\src -I scintilla_src\scintilla\include -I lexilla_src\lexilla\include -iprefix C:/mingw64/bin/../lib/gcc/x86_64-w64-mingw32/15.2.0/ -DUNICODE -U_REENTRANT -D CURL_STATICLIB ne_crypto.cpp -quiet -dumpdir NSBEdit- -dumpbase ne_crypto.cpp -dumpbase-ext .cpp -mwindows -municode -mtune=core2 -march=nocona -O2 -Wall -std=c++17 -version -o C:\Users\NALLEB~1\AppData\Local\Temp\ccz7LBkX.s
GNU C++17 (x86_64-mcf-seh-rev0, Built by MinGW-Builds project) version 15.2.0 (x86_64-w64-mingw32)
	compiled by GNU C version 15.2.0, GMP version 6.2.1, MPFR version 4.1.0, MPC version 1.2.1, isl version isl-0.27-GMP

GGC heuristics: --param ggc-min-expand=100 --param ggc-min-heapsize=131072
ignoring duplicate directory "C:/mingw64/lib/gcc/../../lib/gcc/x86_64-w64-mingw32/15.2.0/include/c++"
ignoring duplicate directory "C:/mingw64/lib/gcc/../../lib/gcc/x86_64-w64-mingw32/15.2.0/include/c++/x86_64-w64-mingw32"
ignoring duplicate directory "C:/mingw64/lib/gcc/../../lib/gcc/x86_64-w64-mingw32/15.2.0/include/c++/backward"
ignoring duplicate directory "C:/mingw64/lib/gcc/../../lib/gcc/x86_64-w64-mingw32/15.2.0/include"
ignoring nonexistent directory "C:/buildroot/x86_64-1520-mcf-seh-ucrt-rt_v13-rev0/mingw64D:/a/_temp/msys64/mingw64/lib/gcc/x86_64-w64-mingw32/15.2.0/../../../../include"
ignoring duplicate directory "C:/mingw64/lib/gcc/../../lib/gcc/x86_64-w64-mingw32/15.2.0/include-fixed"
ignoring duplicate directory "C:/mingw64/lib/gcc/../../lib/gcc/x86_64-w64-mingw32/15.2.0/../../../../x86_64-w64-mingw32/include"
ignoring nonexistent directory "C:/buildroot/x86_64-1520-mcf-seh-ucrt-rt_v13-rev0/mingw64/mingw/include"
#include "..." search starts here:
#include <...> search starts here:
 .
 sqlite3
 curl\include
 third_party\cmark-gfm\src
 scintilla_src\scintilla\include
 lexilla_src\lexilla\include
 C:/mingw64/bin/../lib/gcc/x86_64-w64-mingw32/15.2.0/include/c++
 C:/mingw64/bin/../lib/gcc/x86_64-w64-mingw32/15.2.0/include/c++/x86_64-w64-mingw32
 C:/mingw64/bin/../lib/gcc/x86_64-w64-mingw32/15.2.0/include/c++/backward
 C:/mingw64/bin/../lib/gcc/x86_64-w64-mingw32/15.2.0/include
 C:/mingw64/bin/../lib/gcc/x86_64-w64-mingw32/15.2.0/include-fixed
 C:/mingw64/bin/../lib/gcc/x86_64-w64-mingw32/15.2.0/../../../../x86_64-w64-mingw32/include
End of search list.
Compiler executable checksum: 61de8c4d747942bd598ac96411382eff
COLLECT_GCC_OPTIONS='-v' '-std=c++17' '-O2' '-Wall' '-mwindows' '-municode' '-I' '.' '-I' 'sqlite3' '-I' 'curl\include' '-I' 'third_party\cmark-gfm\src' '-D' 'CURL_STATICLIB' '-I' 'scintilla_src\scintilla\include' '-I' 'lexilla_src\lexilla\include' '-Lscintilla_src\scintilla\bin' '-Llexilla_src\lexilla\bin' '-Lcurl\lib' '-static' '-static-libgcc' '-o' 'NSBEdit.exe' '-mtune=core2' '-march=nocona' '-dumpdir' 'NSBEdit-'
 C:/mingw64/bin/../lib/gcc/x86_64-w64-mingw32/15.2.0/../../../../x86_64-w64-mingw32/bin/as.exe -v -I . -I sqlite3 -I curl\include -I third_party\cmark-gfm\src -I scintilla_src\scintilla\include -I lexilla_src\lexilla\include -o C:\Users\NALLEB~1\AppData\Local\Temp\cce2CHSZ.o C:\Users\NALLEB~1\AppData\Local\Temp\ccz7LBkX.s
GNU assembler version 2.45 (x86_64-w64-mingw32) using BFD version (GNU Binutils) 2.45
COLLECT_GCC_OPTIONS='-v' '-std=c++17' '-O2' '-Wall' '-mwindows' '-municode' '-I' '.' '-I' 'sqlite3' '-I' 'curl\include' '-I' 'third_party\cmark-gfm\src' '-D' 'CURL_STATICLIB' '-I' 'scintilla_src\scintilla\include' '-I' 'lexilla_src\lexilla\include' '-Lscintilla_src\scintilla\bin' '-Llexilla_src\lexilla\bin' '-Lcurl\lib' '-static' '-static-libgcc' '-o' 'NSBEdit.exe' '-mtune=core2' '-march=nocona' '-dumpdir' 'NSBEdit-'
 C:/mingw64/bin/../libexec/gcc/x86_64-w64-mingw32/15.2.0/cc1plus.exe -quiet -v -I . -I sqlite3 -I curl\include -I third_party\cmark-gfm\src -I scintilla_src\scintilla\include -I lexilla_src\lexilla\include -iprefix C:/mingw64/bin/../lib/gcc/x86_64-w64-mingw32/15.2.0/ -DUNICODE -U_REENTRANT -D CURL_STATICLIB ne_profiles.cpp -quiet -dumpdir NSBEdit- -dumpbase ne_profiles.cpp -dumpbase-ext .cpp -mwindows -municode -mtune=core2 -march=nocona -O2 -Wall -std=c++17 -version -o C:\Users\NALLEB~1\AppData\Local\Temp\ccz7LBkX.s
GNU C++17 (x86_64-mcf-seh-rev0, Built by MinGW-Builds project) version 15.2.0 (x86_64-w64-mingw32)
	compiled by GNU C version 15.2.0, GMP version 6.2.1, MPFR version 4.1.0, MPC version 1.2.1, isl version isl-0.27-GMP

GGC heuristics: --param ggc-min-expand=100 --param ggc-min-heapsize=131072
ignoring duplicate directory "C:/mingw64/lib/gcc/../../lib/gcc/x86_64-w64-mingw32/15.2.0/include/c++"
ignoring duplicate directory "C:/mingw64/lib/gcc/../../lib/gcc/x86_64-w64-mingw32/15.2.0/include/c++/x86_64-w64-mingw32"
ignoring duplicate directory "C:/mingw64/lib/gcc/../../lib/gcc/x86_64-w64-mingw32/15.2.0/include/c++/backward"
ignoring duplicate directory "C:/mingw64/lib/gcc/../../lib/gcc/x86_64-w64-mingw32/15.2.0/include"
ignoring nonexistent directory "C:/buildroot/x86_64-1520-mcf-seh-ucrt-rt_v13-rev0/mingw64D:/a/_temp/msys64/mingw64/lib/gcc/x86_64-w64-mingw32/15.2.0/../../../../include"
ignoring duplicate directory "C:/mingw64/lib/gcc/../../lib/gcc/x86_64-w64-mingw32/15.2.0/include-fixed"
ignoring duplicate directory "C:/mingw64/lib/gcc/../../lib/gcc/x86_64-w64-mingw32/15.2.0/../../../../x86_64-w64-mingw32/include"
ignoring nonexistent directory "C:/buildroot/x86_64-1520-mcf-seh-ucrt-rt_v13-rev0/mingw64/mingw/include"
#include "..." search starts here:
#include <...> search starts here:
 .
 sqlite3
 curl\include
 third_party\cmark-gfm\src
 scintilla_src\scintilla\include
 lexilla_src\lexilla\include
 C:/mingw64/bin/../lib/gcc/x86_64-w64-mingw32/15.2.0/include/c++
 C:/mingw64/bin/../lib/gcc/x86_64-w64-mingw32/15.2.0/include/c++/x86_64-w64-mingw32
 C:/mingw64/bin/../lib/gcc/x86_64-w64-mingw32/15.2.0/include/c++/backward
 C:/mingw64/bin/../lib/gcc/x86_64-w64-mingw32/15.2.0/include
 C:/mingw64/bin/../lib/gcc/x86_64-w64-mingw32/15.2.0/include-fixed
 C:/mingw64/bin/../lib/gcc/x86_64-w64-mingw32/15.2.0/../../../../x86_64-w64-mingw32/include
End of search list.
Compiler executable checksum: 61de8c4d747942bd598ac96411382eff
COLLECT_GCC_OPTIONS='-v' '-std=c++17' '-O2' '-Wall' '-mwindows' '-municode' '-I' '.' '-I' 'sqlite3' '-I' 'curl\include' '-I' 'third_party\cmark-gfm\src' '-D' 'CURL_STATICLIB' '-I' 'scintilla_src\scintilla\include' '-I' 'lexilla_src\lexilla\include' '-Lscintilla_src\scintilla\bin' '-Llexilla_src\lexilla\bin' '-Lcurl\lib' '-static' '-static-libgcc' '-o' 'NSBEdit.exe' '-mtune=core2' '-march=nocona' '-dumpdir' 'NSBEdit-'
 C:/mingw64/bin/../lib/gcc/x86_64-w64-mingw32/15.2.0/../../../../x86_64-w64-mingw32/bin/as.exe -v -I . -I sqlite3 -I curl\include -I third_party\cmark-gfm\src -I scintilla_src\scintilla\include -I lexilla_src\lexilla\include -o C:\Users\NALLEB~1\AppData\Local\Temp\ccxo39XR.o C:\Users\NALLEB~1\AppData\Local\Temp\ccz7LBkX.s
GNU assembler version 2.45 (x86_64-w64-mingw32) using BFD version (GNU Binutils) 2.45
COLLECT_GCC_OPTIONS='-v' '-std=c++17' '-O2' '-Wall' '-mwindows' '-municode' '-I' '.' '-I' 'sqlite3' '-I' 'curl\include' '-I' 'third_party\cmark-gfm\src' '-D' 'CURL_STATICLIB' '-I' 'scintilla_src\scintilla\include' '-I' 'lexilla_src\lexilla\include' '-Lscintilla_src\scintilla\bin' '-Llexilla_src\lexilla\bin' '-Lcurl\lib' '-static' '-static-libgcc' '-o' 'NSBEdit.exe' '-mtune=core2' '-march=nocona' '-dumpdir' 'NSBEdit-'
 C:/mingw64/bin/../libexec/gcc/x86_64-w64-mingw32/15.2.0/cc1plus.exe -quiet -v -I . -I sqlite3 -I curl\include -I third_party\cmark-gfm\src -I scintilla_src\scintilla\include -I lexilla_src\lexilla\include -iprefix C:/mingw64/bin/../lib/gcc/x86_64-w64-mingw32/15.2.0/ -DUNICODE -U_REENTRANT -D CURL_STATICLIB ne_ai_bootstrap.cpp -quiet -dumpdir NSBEdit- -dumpbase ne_ai_bootstrap.cpp -dumpbase-ext .cpp -mwindows -municode -mtune=core2 -march=nocona -O2 -Wall -std=c++17 -version -o C:\Users\NALLEB~1\AppData\Local\Temp\ccz7LBkX.s
GNU C++17 (x86_64-mcf-seh-rev0, Built by MinGW-Builds project) version 15.2.0 (x86_64-w64-mingw32)
	compiled by GNU C version 15.2.0, GMP version 6.2.1, MPFR version 4.1.0, MPC version 1.2.1, isl version isl-0.27-GMP

GGC heuristics: --param ggc-min-expand=100 --param ggc-min-heapsize=131072
ignoring duplicate directory "C:/mingw64/lib/gcc/../../lib/gcc/x86_64-w64-mingw32/15.2.0/include/c++"
ignoring duplicate directory "C:/mingw64/lib/gcc/../../lib/gcc/x86_64-w64-mingw32/15.2.0/include/c++/x86_64-w64-mingw32"
ignoring duplicate directory "C:/mingw64/lib/gcc/../../lib/gcc/x86_64-w64-mingw32/15.2.0/include/c++/backward"
ignoring duplicate directory "C:/mingw64/lib/gcc/../../lib/gcc/x86_64-w64-mingw32/15.2.0/include"
ignoring nonexistent directory "C:/buildroot/x86_64-1520-mcf-seh-ucrt-rt_v13-rev0/mingw64D:/a/_temp/msys64/mingw64/lib/gcc/x86_64-w64-mingw32/15.2.0/../../../../include"
ignoring duplicate directory "C:/mingw64/lib/gcc/../../lib/gcc/x86_64-w64-mingw32/15.2.0/include-fixed"
ignoring duplicate directory "C:/mingw64/lib/gcc/../../lib/gcc/x86_64-w64-mingw32/15.2.0/../../../../x86_64-w64-mingw32/include"
ignoring nonexistent directory "C:/buildroot/x86_64-1520-mcf-seh-ucrt-rt_v13-rev0/mingw64/mingw/include"
#include "..." search starts here:
#include <...> search starts here:
 .
 sqlite3
 curl\include
 third_party\cmark-gfm\src
 scintilla_src\scintilla\include
 lexilla_src\lexilla\include
 C:/mingw64/bin/../lib/gcc/x86_64-w64-mingw32/15.2.0/include/c++
 C:/mingw64/bin/../lib/gcc/x86_64-w64-mingw32/15.2.0/include/c++/x86_64-w64-mingw32
 C:/mingw64/bin/../lib/gcc/x86_64-w64-mingw32/15.2.0/include/c++/backward
 C:/mingw64/bin/../lib/gcc/x86_64-w64-mingw32/15.2.0/include
 C:/mingw64/bin/../lib/gcc/x86_64-w64-mingw32/15.2.0/include-fixed
 C:/mingw64/bin/../lib/gcc/x86_64-w64-mingw32/15.2.0/../../../../x86_64-w64-mingw32/include
End of search list.
Compiler executable checksum: 61de8c4d747942bd598ac96411382eff
COLLECT_GCC_OPTIONS='-v' '-std=c++17' '-O2' '-Wall' '-mwindows' '-municode' '-I' '.' '-I' 'sqlite3' '-I' 'curl\include' '-I' 'third_party\cmark-gfm\src' '-D' 'CURL_STATICLIB' '-I' 'scintilla_src\scintilla\include' '-I' 'lexilla_src\lexilla\include' '-Lscintilla_src\scintilla\bin' '-Llexilla_src\lexilla\bin' '-Lcurl\lib' '-static' '-static-libgcc' '-o' 'NSBEdit.exe' '-mtune=core2' '-march=nocona' '-dumpdir' 'NSBEdit-'
 C:/mingw64/bin/../lib/gcc/x86_64-w64-mingw32/15.2.0/../../../../x86_64-w64-mingw32/bin/as.exe -v -I . -I sqlite3 -I curl\include -I third_party\cmark-gfm\src -I scintilla_src\scintilla\include -I lexilla_src\lexilla\include -o C:\Users\NALLEB~1\AppData\Local\Temp\cclSyYBh.o C:\Users\NALLEB~1\AppData\Local\Temp\ccz7LBkX.s
GNU assembler version 2.45 (x86_64-w64-mingw32) using BFD version (GNU Binutils) 2.45
COLLECT_GCC_OPTIONS='-v' '-std=c++17' '-O2' '-Wall' '-mwindows' '-municode' '-I' '.' '-I' 'sqlite3' '-I' 'curl\include' '-I' 'third_party\cmark-gfm\src' '-D' 'CURL_STATICLIB' '-I' 'scintilla_src\scintilla\include' '-I' 'lexilla_src\lexilla\include' '-Lscintilla_src\scintilla\bin' '-Llexilla_src\lexilla\bin' '-Lcurl\lib' '-static' '-static-libgcc' '-o' 'NSBEdit.exe' '-mtune=core2' '-march=nocona' '-dumpdir' 'NSBEdit-'
 C:/mingw64/bin/../libexec/gcc/x86_64-w64-mingw32/15.2.0/cc1plus.exe -quiet -v -I . -I sqlite3 -I curl\include -I third_party\cmark-gfm\src -I scintilla_src\scintilla\include -I lexilla_src\lexilla\include -iprefix C:/mingw64/bin/../lib/gcc/x86_64-w64-mingw32/15.2.0/ -DUNICODE -U_REENTRANT -D CURL_STATICLIB ne_ai_client.cpp -quiet -dumpdir NSBEdit- -dumpbase ne_ai_client.cpp -dumpbase-ext .cpp -mwindows -municode -mtune=core2 -march=nocona -O2 -Wall -std=c++17 -version -o C:\Users\NALLEB~1\AppData\Local\Temp\ccz7LBkX.s
GNU C++17 (x86_64-mcf-seh-rev0, Built by MinGW-Builds project) version 15.2.0 (x86_64-w64-mingw32)
	compiled by GNU C version 15.2.0, GMP version 6.2.1, MPFR version 4.1.0, MPC version 1.2.1, isl version isl-0.27-GMP

GGC heuristics: --param ggc-min-expand=100 --param ggc-min-heapsize=131072
ignoring duplicate directory "C:/mingw64/lib/gcc/../../lib/gcc/x86_64-w64-mingw32/15.2.0/include/c++"
ignoring duplicate directory "C:/mingw64/lib/gcc/../../lib/gcc/x86_64-w64-mingw32/15.2.0/include/c++/x86_64-w64-mingw32"
ignoring duplicate directory "C:/mingw64/lib/gcc/../../lib/gcc/x86_64-w64-mingw32/15.2.0/include/c++/backward"
ignoring duplicate directory "C:/mingw64/lib/gcc/../../lib/gcc/x86_64-w64-mingw32/15.2.0/include"
ignoring nonexistent directory "C:/buildroot/x86_64-1520-mcf-seh-ucrt-rt_v13-rev0/mingw64D:/a/_temp/msys64/mingw64/lib/gcc/x86_64-w64-mingw32/15.2.0/../../../../include"
ignoring duplicate directory "C:/mingw64/lib/gcc/../../lib/gcc/x86_64-w64-mingw32/15.2.0/include-fixed"
ignoring duplicate directory "C:/mingw64/lib/gcc/../../lib/gcc/x86_64-w64-mingw32/15.2.0/../../../../x86_64-w64-mingw32/include"
ignoring nonexistent directory "C:/buildroot/x86_64-1520-mcf-seh-ucrt-rt_v13-rev0/mingw64/mingw/include"
#include "..." search starts here:
#include <...> search starts here:
 .
 sqlite3
 curl\include
 third_party\cmark-gfm\src
 scintilla_src\scintilla\include
 lexilla_src\lexilla\include
 C:/mingw64/bin/../lib/gcc/x86_64-w64-mingw32/15.2.0/include/c++
 C:/mingw64/bin/../lib/gcc/x86_64-w64-mingw32/15.2.0/include/c++/x86_64-w64-mingw32
 C:/mingw64/bin/../lib/gcc/x86_64-w64-mingw32/15.2.0/include/c++/backward
 C:/mingw64/bin/../lib/gcc/x86_64-w64-mingw32/15.2.0/include
 C:/mingw64/bin/../lib/gcc/x86_64-w64-mingw32/15.2.0/include-fixed
 C:/mingw64/bin/../lib/gcc/x86_64-w64-mingw32/15.2.0/../../../../x86_64-w64-mingw32/include
End of search list.
Compiler executable checksum: 61de8c4d747942bd598ac96411382eff
COLLECT_GCC_OPTIONS='-v' '-std=c++17' '-O2' '-Wall' '-mwindows' '-municode' '-I' '.' '-I' 'sqlite3' '-I' 'curl\include' '-I' 'third_party\cmark-gfm\src' '-D' 'CURL_STATICLIB' '-I' 'scintilla_src\scintilla\include' '-I' 'lexilla_src\lexilla\include' '-Lscintilla_src\scintilla\bin' '-Llexilla_src\lexilla\bin' '-Lcurl\lib' '-static' '-static-libgcc' '-o' 'NSBEdit.exe' '-mtune=core2' '-march=nocona' '-dumpdir' 'NSBEdit-'
 C:/mingw64/bin/../lib/gcc/x86_64-w64-mingw32/15.2.0/../../../../x86_64-w64-mingw32/bin/as.exe -v -I . -I sqlite3 -I curl\include -I third_party\cmark-gfm\src -I scintilla_src\scintilla\include -I lexilla_src\lexilla\include -o C:\Users\NALLEB~1\AppData\Local\Temp\cciQ2ggu.o C:\Users\NALLEB~1\AppData\Local\Temp\ccz7LBkX.s
GNU assembler version 2.45 (x86_64-w64-mingw32) using BFD version (GNU Binutils) 2.45
COLLECT_GCC_OPTIONS='-v' '-std=c++17' '-O2' '-Wall' '-mwindows' '-municode' '-I' '.' '-I' 'sqlite3' '-I' 'curl\include' '-I' 'third_party\cmark-gfm\src' '-D' 'CURL_STATICLIB' '-I' 'scintilla_src\scintilla\include' '-I' 'lexilla_src\lexilla\include' '-Lscintilla_src\scintilla\bin' '-Llexilla_src\lexilla\bin' '-Lcurl\lib' '-static' '-static-libgcc' '-o' 'NSBEdit.exe' '-mtune=core2' '-march=nocona' '-dumpdir' 'NSBEdit-'
 C:/mingw64/bin/../libexec/gcc/x86_64-w64-mingw32/15.2.0/cc1plus.exe -quiet -v -I . -I sqlite3 -I curl\include -I third_party\cmark-gfm\src -I scintilla_src\scintilla\include -I lexilla_src\lexilla\include -iprefix C:/mingw64/bin/../lib/gcc/x86_64-w64-mingw32/15.2.0/ -DUNICODE -U_REENTRANT -D CURL_STATICLIB ne_session.cpp -quiet -dumpdir NSBEdit- -dumpbase ne_session.cpp -dumpbase-ext .cpp -mwindows -municode -mtune=core2 -march=nocona -O2 -Wall -std=c++17 -version -o C:\Users\NALLEB~1\AppData\Local\Temp\ccz7LBkX.s
GNU C++17 (x86_64-mcf-seh-rev0, Built by MinGW-Builds project) version 15.2.0 (x86_64-w64-mingw32)
	compiled by GNU C version 15.2.0, GMP version 6.2.1, MPFR version 4.1.0, MPC version 1.2.1, isl version isl-0.27-GMP

GGC heuristics: --param ggc-min-expand=100 --param ggc-min-heapsize=131072
ignoring duplicate directory "C:/mingw64/lib/gcc/../../lib/gcc/x86_64-w64-mingw32/15.2.0/include/c++"
ignoring duplicate directory "C:/mingw64/lib/gcc/../../lib/gcc/x86_64-w64-mingw32/15.2.0/include/c++/x86_64-w64-mingw32"
ignoring duplicate directory "C:/mingw64/lib/gcc/../../lib/gcc/x86_64-w64-mingw32/15.2.0/include/c++/backward"
ignoring duplicate directory "C:/mingw64/lib/gcc/../../lib/gcc/x86_64-w64-mingw32/15.2.0/include"
ignoring nonexistent directory "C:/buildroot/x86_64-1520-mcf-seh-ucrt-rt_v13-rev0/mingw64D:/a/_temp/msys64/mingw64/lib/gcc/x86_64-w64-mingw32/15.2.0/../../../../include"
ignoring duplicate directory "C:/mingw64/lib/gcc/../../lib/gcc/x86_64-w64-mingw32/15.2.0/include-fixed"
ignoring duplicate directory "C:/mingw64/lib/gcc/../../lib/gcc/x86_64-w64-mingw32/15.2.0/../../../../x86_64-w64-mingw32/include"
ignoring nonexistent directory "C:/buildroot/x86_64-1520-mcf-seh-ucrt-rt_v13-rev0/mingw64/mingw/include"
#include "..." search starts here:
#include <...> search starts here:
 .
 sqlite3
 curl\include
 third_party\cmark-gfm\src
 scintilla_src\scintilla\include
 lexilla_src\lexilla\include
 C:/mingw64/bin/../lib/gcc/x86_64-w64-mingw32/15.2.0/include/c++
 C:/mingw64/bin/../lib/gcc/x86_64-w64-mingw32/15.2.0/include/c++/x86_64-w64-mingw32
 C:/mingw64/bin/../lib/gcc/x86_64-w64-mingw32/15.2.0/include/c++/backward
 C:/mingw64/bin/../lib/gcc/x86_64-w64-mingw32/15.2.0/include
 C:/mingw64/bin/../lib/gcc/x86_64-w64-mingw32/15.2.0/include-fixed
 C:/mingw64/bin/../lib/gcc/x86_64-w64-mingw32/15.2.0/../../../../x86_64-w64-mingw32/include
End of search list.
Compiler executable checksum: 61de8c4d747942bd598ac96411382eff
COLLECT_GCC_OPTIONS='-v' '-std=c++17' '-O2' '-Wall' '-mwindows' '-municode' '-I' '.' '-I' 'sqlite3' '-I' 'curl\include' '-I' 'third_party\cmark-gfm\src' '-D' 'CURL_STATICLIB' '-I' 'scintilla_src\scintilla\include' '-I' 'lexilla_src\lexilla\include' '-Lscintilla_src\scintilla\bin' '-Llexilla_src\lexilla\bin' '-Lcurl\lib' '-static' '-static-libgcc' '-o' 'NSBEdit.exe' '-mtune=core2' '-march=nocona' '-dumpdir' 'NSBEdit-'
 C:/mingw64/bin/../lib/gcc/x86_64-w64-mingw32/15.2.0/../../../../x86_64-w64-mingw32/bin/as.exe -v -I . -I sqlite3 -I curl\include -I third_party\cmark-gfm\src -I scintilla_src\scintilla\include -I lexilla_src\lexilla\include -o C:\Users\NALLEB~1\AppData\Local\Temp\ccE8e4bb.o C:\Users\NALLEB~1\AppData\Local\Temp\ccz7LBkX.s
GNU assembler version 2.45 (x86_64-w64-mingw32) using BFD version (GNU Binutils) 2.45
COLLECT_GCC_OPTIONS='-v' '-std=c++17' '-O2' '-Wall' '-mwindows' '-municode' '-I' '.' '-I' 'sqlite3' '-I' 'curl\include' '-I' 'third_party\cmark-gfm\src' '-D' 'CURL_STATICLIB' '-I' 'scintilla_src\scintilla\include' '-I' 'lexilla_src\lexilla\include' '-Lscintilla_src\scintilla\bin' '-Llexilla_src\lexilla\bin' '-Lcurl\lib' '-static' '-static-libgcc' '-o' 'NSBEdit.exe' '-mtune=core2' '-march=nocona' '-dumpdir' 'NSBEdit-'
 C:/mingw64/bin/../libexec/gcc/x86_64-w64-mingw32/15.2.0/cc1plus.exe -quiet -v -I . -I sqlite3 -I curl\include -I third_party\cmark-gfm\src -I scintilla_src\scintilla\include -I lexilla_src\lexilla\include -iprefix C:/mingw64/bin/../lib/gcc/x86_64-w64-mingw32/15.2.0/ -DUNICODE -U_REENTRANT -D CURL_STATICLIB ne_ftp.cpp -quiet -dumpdir NSBEdit- -dumpbase ne_ftp.cpp -dumpbase-ext .cpp -mwindows -municode -mtune=core2 -march=nocona -O2 -Wall -std=c++17 -version -o C:\Users\NALLEB~1\AppData\Local\Temp\ccz7LBkX.s
GNU C++17 (x86_64-mcf-seh-rev0, Built by MinGW-Builds project) version 15.2.0 (x86_64-w64-mingw32)
	compiled by GNU C version 15.2.0, GMP version 6.2.1, MPFR version 4.1.0, MPC version 1.2.1, isl version isl-0.27-GMP

GGC heuristics: --param ggc-min-expand=100 --param ggc-min-heapsize=131072
ignoring duplicate directory "C:/mingw64/lib/gcc/../../lib/gcc/x86_64-w64-mingw32/15.2.0/include/c++"
ignoring duplicate directory "C:/mingw64/lib/gcc/../../lib/gcc/x86_64-w64-mingw32/15.2.0/include/c++/x86_64-w64-mingw32"
ignoring duplicate directory "C:/mingw64/lib/gcc/../../lib/gcc/x86_64-w64-mingw32/15.2.0/include/c++/backward"
ignoring duplicate directory "C:/mingw64/lib/gcc/../../lib/gcc/x86_64-w64-mingw32/15.2.0/include"
ignoring nonexistent directory "C:/buildroot/x86_64-1520-mcf-seh-ucrt-rt_v13-rev0/mingw64D:/a/_temp/msys64/mingw64/lib/gcc/x86_64-w64-mingw32/15.2.0/../../../../include"
ignoring duplicate directory "C:/mingw64/lib/gcc/../../lib/gcc/x86_64-w64-mingw32/15.2.0/include-fixed"
ignoring duplicate directory "C:/mingw64/lib/gcc/../../lib/gcc/x86_64-w64-mingw32/15.2.0/../../../../x86_64-w64-mingw32/include"
ignoring nonexistent directory "C:/buildroot/x86_64-1520-mcf-seh-ucrt-rt_v13-rev0/mingw64/mingw/include"
#include "..." search starts here:
#include <...> search starts here:
 .
 sqlite3
 curl\include
 third_party\cmark-gfm\src
 scintilla_src\scintilla\include
 lexilla_src\lexilla\include
 C:/mingw64/bin/../lib/gcc/x86_64-w64-mingw32/15.2.0/include/c++
 C:/mingw64/bin/../lib/gcc/x86_64-w64-mingw32/15.2.0/include/c++/x86_64-w64-mingw32
 C:/mingw64/bin/../lib/gcc/x86_64-w64-mingw32/15.2.0/include/c++/backward
 C:/mingw64/bin/../lib/gcc/x86_64-w64-mingw32/15.2.0/include
 C:/mingw64/bin/../lib/gcc/x86_64-w64-mingw32/15.2.0/include-fixed
 C:/mingw64/bin/../lib/gcc/x86_64-w64-mingw32/15.2.0/../../../../x86_64-w64-mingw32/include
End of search list.
Compiler executable checksum: 61de8c4d747942bd598ac96411382eff
COLLECT_GCC_OPTIONS='-v' '-std=c++17' '-O2' '-Wall' '-mwindows' '-municode' '-I' '.' '-I' 'sqlite3' '-I' 'curl\include' '-I' 'third_party\cmark-gfm\src' '-D' 'CURL_STATICLIB' '-I' 'scintilla_src\scintilla\include' '-I' 'lexilla_src\lexilla\include' '-Lscintilla_src\scintilla\bin' '-Llexilla_src\lexilla\bin' '-Lcurl\lib' '-static' '-static-libgcc' '-o' 'NSBEdit.exe' '-mtune=core2' '-march=nocona' '-dumpdir' 'NSBEdit-'
 C:/mingw64/bin/../lib/gcc/x86_64-w64-mingw32/15.2.0/../../../../x86_64-w64-mingw32/bin/as.exe -v -I . -I sqlite3 -I curl\include -I third_party\cmark-gfm\src -I scintilla_src\scintilla\include -I lexilla_src\lexilla\include -o C:\Users\NALLEB~1\AppData\Local\Temp\ccl6J6Ql.o C:\Users\NALLEB~1\AppData\Local\Temp\ccz7LBkX.s
GNU assembler version 2.45 (x86_64-w64-mingw32) using BFD version (GNU Binutils) 2.45
COLLECT_GCC_OPTIONS='-v' '-std=c++17' '-O2' '-Wall' '-mwindows' '-municode' '-I' '.' '-I' 'sqlite3' '-I' 'curl\include' '-I' 'third_party\cmark-gfm\src' '-D' 'CURL_STATICLIB' '-I' 'scintilla_src\scintilla\include' '-I' 'lexilla_src\lexilla\include' '-Lscintilla_src\scintilla\bin' '-Llexilla_src\lexilla\bin' '-Lcurl\lib' '-static' '-static-libgcc' '-o' 'NSBEdit.exe' '-mtune=core2' '-march=nocona' '-dumpdir' 'NSBEdit-'
 C:/mingw64/bin/../libexec/gcc/x86_64-w64-mingw32/15.2.0/cc1plus.exe -quiet -v -I . -I sqlite3 -I curl\include -I third_party\cmark-gfm\src -I scintilla_src\scintilla\include -I lexilla_src\lexilla\include -iprefix C:/mingw64/bin/../lib/gcc/x86_64-w64-mingw32/15.2.0/ -DUNICODE -U_REENTRANT -D CURL_STATICLIB ne_autocomplete\ne_autocomplete.cpp -quiet -dumpdir NSBEdit- -dumpbase ne_autocomplete.cpp -dumpbase-ext .cpp -mwindows -municode -mtune=core2 -march=nocona -O2 -Wall -std=c++17 -version -o C:\Users\NALLEB~1\AppData\Local\Temp\ccz7LBkX.s
GNU C++17 (x86_64-mcf-seh-rev0, Built by MinGW-Builds project) version 15.2.0 (x86_64-w64-mingw32)
	compiled by GNU C version 15.2.0, GMP version 6.2.1, MPFR version 4.1.0, MPC version 1.2.1, isl version isl-0.27-GMP

GGC heuristics: --param ggc-min-expand=100 --param ggc-min-heapsize=131072
ignoring duplicate directory "C:/mingw64/lib/gcc/../../lib/gcc/x86_64-w64-mingw32/15.2.0/include/c++"
ignoring duplicate directory "C:/mingw64/lib/gcc/../../lib/gcc/x86_64-w64-mingw32/15.2.0/include/c++/x86_64-w64-mingw32"
ignoring duplicate directory "C:/mingw64/lib/gcc/../../lib/gcc/x86_64-w64-mingw32/15.2.0/include/c++/backward"
ignoring duplicate directory "C:/mingw64/lib/gcc/../../lib/gcc/x86_64-w64-mingw32/15.2.0/include"
ignoring nonexistent directory "C:/buildroot/x86_64-1520-mcf-seh-ucrt-rt_v13-rev0/mingw64D:/a/_temp/msys64/mingw64/lib/gcc/x86_64-w64-mingw32/15.2.0/../../../../include"
ignoring duplicate directory "C:/mingw64/lib/gcc/../../lib/gcc/x86_64-w64-mingw32/15.2.0/include-fixed"
ignoring duplicate directory "C:/mingw64/lib/gcc/../../lib/gcc/x86_64-w64-mingw32/15.2.0/../../../../x86_64-w64-mingw32/include"
ignoring nonexistent directory "C:/buildroot/x86_64-1520-mcf-seh-ucrt-rt_v13-rev0/mingw64/mingw/include"
#include "..." search starts here:
#include <...> search starts here:
 .
 sqlite3
 curl\include
 third_party\cmark-gfm\src
 scintilla_src\scintilla\include
 lexilla_src\lexilla\include
 C:/mingw64/bin/../lib/gcc/x86_64-w64-mingw32/15.2.0/include/c++
 C:/mingw64/bin/../lib/gcc/x86_64-w64-mingw32/15.2.0/include/c++/x86_64-w64-mingw32
 C:/mingw64/bin/../lib/gcc/x86_64-w64-mingw32/15.2.0/include/c++/backward
 C:/mingw64/bin/../lib/gcc/x86_64-w64-mingw32/15.2.0/include
 C:/mingw64/bin/../lib/gcc/x86_64-w64-mingw32/15.2.0/include-fixed
 C:/mingw64/bin/../lib/gcc/x86_64-w64-mingw32/15.2.0/../../../../x86_64-w64-mingw32/include
End of search list.
Compiler executable checksum: 61de8c4d747942bd598ac96411382eff
COLLECT_GCC_OPTIONS='-v' '-std=c++17' '-O2' '-Wall' '-mwindows' '-municode' '-I' '.' '-I' 'sqlite3' '-I' 'curl\include' '-I' 'third_party\cmark-gfm\src' '-D' 'CURL_STATICLIB' '-I' 'scintilla_src\scintilla\include' '-I' 'lexilla_src\lexilla\include' '-Lscintilla_src\scintilla\bin' '-Llexilla_src\lexilla\bin' '-Lcurl\lib' '-static' '-static-libgcc' '-o' 'NSBEdit.exe' '-mtune=core2' '-march=nocona' '-dumpdir' 'NSBEdit-'
 C:/mingw64/bin/../lib/gcc/x86_64-w64-mingw32/15.2.0/../../../../x86_64-w64-mingw32/bin/as.exe -v -I . -I sqlite3 -I curl\include -I third_party\cmark-gfm\src -I scintilla_src\scintilla\include -I lexilla_src\lexilla\include -o C:\Users\NALLEB~1\AppData\Local\Temp\ccYwRi7P.o C:\Users\NALLEB~1\AppData\Local\Temp\ccz7LBkX.s
GNU assembler version 2.45 (x86_64-w64-mingw32) using BFD version (GNU Binutils) 2.45
COLLECT_GCC_OPTIONS='-v' '-std=c++17' '-O2' '-Wall' '-mwindows' '-municode' '-I' '.' '-I' 'sqlite3' '-I' 'curl\include' '-I' 'third_party\cmark-gfm\src' '-D' 'CURL_STATICLIB' '-I' 'scintilla_src\scintilla\include' '-I' 'lexilla_src\lexilla\include' '-Lscintilla_src\scintilla\bin' '-Llexilla_src\lexilla\bin' '-Lcurl\lib' '-static' '-static-libgcc' '-o' 'NSBEdit.exe' '-mtune=core2' '-march=nocona' '-dumpdir' 'NSBEdit-'
 C:/mingw64/bin/../libexec/gcc/x86_64-w64-mingw32/15.2.0/cc1plus.exe -quiet -v -I . -I sqlite3 -I curl\include -I third_party\cmark-gfm\src -I scintilla_src\scintilla\include -I lexilla_src\lexilla\include -iprefix C:/mingw64/bin/../lib/gcc/x86_64-w64-mingw32/15.2.0/ -DUNICODE -U_REENTRANT -D CURL_STATICLIB spinner\spinner_dialog.cpp -quiet -dumpdir NSBEdit- -dumpbase spinner_dialog.cpp -dumpbase-ext .cpp -mwindows -municode -mtune=core2 -march=nocona -O2 -Wall -std=c++17 -version -o C:\Users\NALLEB~1\AppData\Local\Temp\ccz7LBkX.s
GNU C++17 (x86_64-mcf-seh-rev0, Built by MinGW-Builds project) version 15.2.0 (x86_64-w64-mingw32)
	compiled by GNU C version 15.2.0, GMP version 6.2.1, MPFR version 4.1.0, MPC version 1.2.1, isl version isl-0.27-GMP

GGC heuristics: --param ggc-min-expand=100 --param ggc-min-heapsize=131072
ignoring duplicate directory "C:/mingw64/lib/gcc/../../lib/gcc/x86_64-w64-mingw32/15.2.0/include/c++"
ignoring duplicate directory "C:/mingw64/lib/gcc/../../lib/gcc/x86_64-w64-mingw32/15.2.0/include/c++/x86_64-w64-mingw32"
ignoring duplicate directory "C:/mingw64/lib/gcc/../../lib/gcc/x86_64-w64-mingw32/15.2.0/include/c++/backward"
ignoring duplicate directory "C:/mingw64/lib/gcc/../../lib/gcc/x86_64-w64-mingw32/15.2.0/include"
ignoring nonexistent directory "C:/buildroot/x86_64-1520-mcf-seh-ucrt-rt_v13-rev0/mingw64D:/a/_temp/msys64/mingw64/lib/gcc/x86_64-w64-mingw32/15.2.0/../../../../include"
ignoring duplicate directory "C:/mingw64/lib/gcc/../../lib/gcc/x86_64-w64-mingw32/15.2.0/include-fixed"
ignoring duplicate directory "C:/mingw64/lib/gcc/../../lib/gcc/x86_64-w64-mingw32/15.2.0/../../../../x86_64-w64-mingw32/include"
ignoring nonexistent directory "C:/buildroot/x86_64-1520-mcf-seh-ucrt-rt_v13-rev0/mingw64/mingw/include"
#include "..." search starts here:
#include <...> search starts here:
 .
 sqlite3
 curl\include
 third_party\cmark-gfm\src
 scintilla_src\scintilla\include
 lexilla_src\lexilla\include
 C:/mingw64/bin/../lib/gcc/x86_64-w64-mingw32/15.2.0/include/c++
 C:/mingw64/bin/../lib/gcc/x86_64-w64-mingw32/15.2.0/include/c++/x86_64-w64-mingw32
 C:/mingw64/bin/../lib/gcc/x86_64-w64-mingw32/15.2.0/include/c++/backward
 C:/mingw64/bin/../lib/gcc/x86_64-w64-mingw32/15.2.0/include
 C:/mingw64/bin/../lib/gcc/x86_64-w64-mingw32/15.2.0/include-fixed
 C:/mingw64/bin/../lib/gcc/x86_64-w64-mingw32/15.2.0/../../../../x86_64-w64-mingw32/include
End of search list.
Compiler executable checksum: 61de8c4d747942bd598ac96411382eff
COLLECT_GCC_OPTIONS='-v' '-std=c++17' '-O2' '-Wall' '-mwindows' '-municode' '-I' '.' '-I' 'sqlite3' '-I' 'curl\include' '-I' 'third_party\cmark-gfm\src' '-D' 'CURL_STATICLIB' '-I' 'scintilla_src\scintilla\include' '-I' 'lexilla_src\lexilla\include' '-Lscintilla_src\scintilla\bin' '-Llexilla_src\lexilla\bin' '-Lcurl\lib' '-static' '-static-libgcc' '-o' 'NSBEdit.exe' '-mtune=core2' '-march=nocona' '-dumpdir' 'NSBEdit-'
 C:/mingw64/bin/../lib/gcc/x86_64-w64-mingw32/15.2.0/../../../../x86_64-w64-mingw32/bin/as.exe -v -I . -I sqlite3 -I curl\include -I third_party\cmark-gfm\src -I scintilla_src\scintilla\include -I lexilla_src\lexilla\include -o C:\Users\NALLEB~1\AppData\Local\Temp\ccwwwkfH.o C:\Users\NALLEB~1\AppData\Local\Temp\ccz7LBkX.s
GNU assembler version 2.45 (x86_64-w64-mingw32) using BFD version (GNU Binutils) 2.45
COLLECT_GCC_OPTIONS='-v' '-std=c++17' '-O2' '-Wall' '-mwindows' '-municode' '-I' '.' '-I' 'sqlite3' '-I' 'curl\include' '-I' 'third_party\cmark-gfm\src' '-D' 'CURL_STATICLIB' '-I' 'scintilla_src\scintilla\include' '-I' 'lexilla_src\lexilla\include' '-Lscintilla_src\scintilla\bin' '-Llexilla_src\lexilla\bin' '-Lcurl\lib' '-static' '-static-libgcc' '-o' 'NSBEdit.exe' '-mtune=core2' '-march=nocona' '-dumpdir' 'NSBEdit-'
 C:/mingw64/bin/../libexec/gcc/x86_64-w64-mingw32/15.2.0/cc1plus.exe -quiet -v -I . -I sqlite3 -I curl\include -I third_party\cmark-gfm\src -I scintilla_src\scintilla\include -I lexilla_src\lexilla\include -iprefix C:/mingw64/bin/../lib/gcc/x86_64-w64-mingw32/15.2.0/ -DUNICODE -U_REENTRANT -D CURL_STATICLIB ai_markdown_helper.cpp -quiet -dumpdir NSBEdit- -dumpbase ai_markdown_helper.cpp -dumpbase-ext .cpp -mwindows -municode -mtune=core2 -march=nocona -O2 -Wall -std=c++17 -version -o C:\Users\NALLEB~1\AppData\Local\Temp\ccz7LBkX.s
GNU C++17 (x86_64-mcf-seh-rev0, Built by MinGW-Builds project) version 15.2.0 (x86_64-w64-mingw32)
	compiled by GNU C version 15.2.0, GMP version 6.2.1, MPFR version 4.1.0, MPC version 1.2.1, isl version isl-0.27-GMP

GGC heuristics: --param ggc-min-expand=100 --param ggc-min-heapsize=131072
ignoring duplicate directory "C:/mingw64/lib/gcc/../../lib/gcc/x86_64-w64-mingw32/15.2.0/include/c++"
ignoring duplicate directory "C:/mingw64/lib/gcc/../../lib/gcc/x86_64-w64-mingw32/15.2.0/include/c++/x86_64-w64-mingw32"
ignoring duplicate directory "C:/mingw64/lib/gcc/../../lib/gcc/x86_64-w64-mingw32/15.2.0/include/c++/backward"
ignoring duplicate directory "C:/mingw64/lib/gcc/../../lib/gcc/x86_64-w64-mingw32/15.2.0/include"
ignoring nonexistent directory "C:/buildroot/x86_64-1520-mcf-seh-ucrt-rt_v13-rev0/mingw64D:/a/_temp/msys64/mingw64/lib/gcc/x86_64-w64-mingw32/15.2.0/../../../../include"
ignoring duplicate directory "C:/mingw64/lib/gcc/../../lib/gcc/x86_64-w64-mingw32/15.2.0/include-fixed"
ignoring duplicate directory "C:/mingw64/lib/gcc/../../lib/gcc/x86_64-w64-mingw32/15.2.0/../../../../x86_64-w64-mingw32/include"
ignoring nonexistent directory "C:/buildroot/x86_64-1520-mcf-seh-ucrt-rt_v13-rev0/mingw64/mingw/include"
#include "..." search starts here:
#include <...> search starts here:
 .
 sqlite3
 curl\include
 third_party\cmark-gfm\src
 scintilla_src\scintilla\include
 lexilla_src\lexilla\include
 C:/mingw64/bin/../lib/gcc/x86_64-w64-mingw32/15.2.0/include/c++
 C:/mingw64/bin/../lib/gcc/x86_64-w64-mingw32/15.2.0/include/c++/x86_64-w64-mingw32
 C:/mingw64/bin/../lib/gcc/x86_64-w64-mingw32/15.2.0/include/c++/backward
 C:/mingw64/bin/../lib/gcc/x86_64-w64-mingw32/15.2.0/include
 C:/mingw64/bin/../lib/gcc/x86_64-w64-mingw32/15.2.0/include-fixed
 C:/mingw64/bin/../lib/gcc/x86_64-w64-mingw32/15.2.0/../../../../x86_64-w64-mingw32/include
End of search list.
Compiler executable checksum: 61de8c4d747942bd598ac96411382eff
COLLECT_GCC_OPTIONS='-v' '-std=c++17' '-O2' '-Wall' '-mwindows' '-municode' '-I' '.' '-I' 'sqlite3' '-I' 'curl\include' '-I' 'third_party\cmark-gfm\src' '-D' 'CURL_STATICLIB' '-I' 'scintilla_src\scintilla\include' '-I' 'lexilla_src\lexilla\include' '-Lscintilla_src\scintilla\bin' '-Llexilla_src\lexilla\bin' '-Lcurl\lib' '-static' '-static-libgcc' '-o' 'NSBEdit.exe' '-mtune=core2' '-march=nocona' '-dumpdir' 'NSBEdit-'
 C:/mingw64/bin/../lib/gcc/x86_64-w64-mingw32/15.2.0/../../../../x86_64-w64-mingw32/bin/as.exe -v -I . -I sqlite3 -I curl\include -I third_party\cmark-gfm\src -I scintilla_src\scintilla\include -I lexilla_src\lexilla\include -o C:\Users\NALLEB~1\AppData\Local\Temp\ccKuyhgK.o C:\Users\NALLEB~1\AppData\Local\Temp\ccz7LBkX.s
GNU assembler version 2.45 (x86_64-w64-mingw32) using BFD version (GNU Binutils) 2.45
COLLECT_GCC_OPTIONS='-v' '-std=c++17' '-O2' '-Wall' '-mwindows' '-municode' '-I' '.' '-I' 'sqlite3' '-I' 'curl\include' '-I' 'third_party\cmark-gfm\src' '-D' 'CURL_STATICLIB' '-I' 'scintilla_src\scintilla\include' '-I' 'lexilla_src\lexilla\include' '-Lscintilla_src\scintilla\bin' '-Llexilla_src\lexilla\bin' '-Lcurl\lib' '-static' '-static-libgcc' '-o' 'NSBEdit.exe' '-mtune=core2' '-march=nocona' '-dumpdir' 'NSBEdit-'
 C:/mingw64/bin/../libexec/gcc/x86_64-w64-mingw32/15.2.0/cc1plus.exe -quiet -v -I . -I sqlite3 -I curl\include -I third_party\cmark-gfm\src -I scintilla_src\scintilla\include -I lexilla_src\lexilla\include -iprefix C:/mingw64/bin/../lib/gcc/x86_64-w64-mingw32/15.2.0/ -DUNICODE -U_REENTRANT -D CURL_STATICLIB copy_ai_code.cpp -quiet -dumpdir NSBEdit- -dumpbase copy_ai_code.cpp -dumpbase-ext .cpp -mwindows -municode -mtune=core2 -march=nocona -O2 -Wall -std=c++17 -version -o C:\Users\NALLEB~1\AppData\Local\Temp\ccz7LBkX.s
GNU C++17 (x86_64-mcf-seh-rev0, Built by MinGW-Builds project) version 15.2.0 (x86_64-w64-mingw32)
	compiled by GNU C version 15.2.0, GMP version 6.2.1, MPFR version 4.1.0, MPC version 1.2.1, isl version isl-0.27-GMP

GGC heuristics: --param ggc-min-expand=100 --param ggc-min-heapsize=131072
ignoring duplicate directory "C:/mingw64/lib/gcc/../../lib/gcc/x86_64-w64-mingw32/15.2.0/include/c++"
ignoring duplicate directory "C:/mingw64/lib/gcc/../../lib/gcc/x86_64-w64-mingw32/15.2.0/include/c++/x86_64-w64-mingw32"
ignoring duplicate directory "C:/mingw64/lib/gcc/../../lib/gcc/x86_64-w64-mingw32/15.2.0/include/c++/backward"
ignoring duplicate directory "C:/mingw64/lib/gcc/../../lib/gcc/x86_64-w64-mingw32/15.2.0/include"
ignoring nonexistent directory "C:/buildroot/x86_64-1520-mcf-seh-ucrt-rt_v13-rev0/mingw64D:/a/_temp/msys64/mingw64/lib/gcc/x86_64-w64-mingw32/15.2.0/../../../../include"
ignoring duplicate directory "C:/mingw64/lib/gcc/../../lib/gcc/x86_64-w64-mingw32/15.2.0/include-fixed"
ignoring duplicate directory "C:/mingw64/lib/gcc/../../lib/gcc/x86_64-w64-mingw32/15.2.0/../../../../x86_64-w64-mingw32/include"
ignoring nonexistent directory "C:/buildroot/x86_64-1520-mcf-seh-ucrt-rt_v13-rev0/mingw64/mingw/include"
#include "..." search starts here:
#include <...> search starts here:
 .
 sqlite3
 curl\include
 third_party\cmark-gfm\src
 scintilla_src\scintilla\include
 lexilla_src\lexilla\include
 C:/mingw64/bin/../lib/gcc/x86_64-w64-mingw32/15.2.0/include/c++
 C:/mingw64/bin/../lib/gcc/x86_64-w64-mingw32/15.2.0/include/c++/x86_64-w64-mingw32
 C:/mingw64/bin/../lib/gcc/x86_64-w64-mingw32/15.2.0/include/c++/backward
 C:/mingw64/bin/../lib/gcc/x86_64-w64-mingw32/15.2.0/include
 C:/mingw64/bin/../lib/gcc/x86_64-w64-mingw32/15.2.0/include-fixed
 C:/mingw64/bin/../lib/gcc/x86_64-w64-mingw32/15.2.0/../../../../x86_64-w64-mingw32/include
End of search list.
Compiler executable checksum: 61de8c4d747942bd598ac96411382eff
COLLECT_GCC_OPTIONS='-v' '-std=c++17' '-O2' '-Wall' '-mwindows' '-municode' '-I' '.' '-I' 'sqlite3' '-I' 'curl\include' '-I' 'third_party\cmark-gfm\src' '-D' 'CURL_STATICLIB' '-I' 'scintilla_src\scintilla\include' '-I' 'lexilla_src\lexilla\include' '-Lscintilla_src\scintilla\bin' '-Llexilla_src\lexilla\bin' '-Lcurl\lib' '-static' '-static-libgcc' '-o' 'NSBEdit.exe' '-mtune=core2' '-march=nocona' '-dumpdir' 'NSBEdit-'
 C:/mingw64/bin/../lib/gcc/x86_64-w64-mingw32/15.2.0/../../../../x86_64-w64-mingw32/bin/as.exe -v -I . -I sqlite3 -I curl\include -I third_party\cmark-gfm\src -I scintilla_src\scintilla\include -I lexilla_src\lexilla\include -o C:\Users\NALLEB~1\AppData\Local\Temp\ccnZ2Nah.o C:\Users\NALLEB~1\AppData\Local\Temp\ccz7LBkX.s
GNU assembler version 2.45 (x86_64-w64-mingw32) using BFD version (GNU Binutils) 2.45
COLLECT_GCC_OPTIONS='-v' '-std=c++17' '-O2' '-Wall' '-mwindows' '-municode' '-I' '.' '-I' 'sqlite3' '-I' 'curl\include' '-I' 'third_party\cmark-gfm\src' '-D' 'CURL_STATICLIB' '-I' 'scintilla_src\scintilla\include' '-I' 'lexilla_src\lexilla\include' '-Lscintilla_src\scintilla\bin' '-Llexilla_src\lexilla\bin' '-Lcurl\lib' '-static' '-static-libgcc' '-o' 'NSBEdit.exe' '-mtune=core2' '-march=nocona' '-dumpdir' 'NSBEdit-'
 C:/mingw64/bin/../libexec/gcc/x86_64-w64-mingw32/15.2.0/cc1plus.exe -quiet -v -I . -I sqlite3 -I curl\include -I third_party\cmark-gfm\src -I scintilla_src\scintilla\include -I lexilla_src\lexilla\include -iprefix C:/mingw64/bin/../lib/gcc/x86_64-w64-mingw32/15.2.0/ -DUNICODE -U_REENTRANT -D CURL_STATICLIB ollama_ai.cpp -quiet -dumpdir NSBEdit- -dumpbase ollama_ai.cpp -dumpbase-ext .cpp -mwindows -municode -mtune=core2 -march=nocona -O2 -Wall -std=c++17 -version -o C:\Users\NALLEB~1\AppData\Local\Temp\ccz7LBkX.s
GNU C++17 (x86_64-mcf-seh-rev0, Built by MinGW-Builds project) version 15.2.0 (x86_64-w64-mingw32)
	compiled by GNU C version 15.2.0, GMP version 6.2.1, MPFR version 4.1.0, MPC version 1.2.1, isl version isl-0.27-GMP

GGC heuristics: --param ggc-min-expand=100 --param ggc-min-heapsize=131072
ignoring duplicate directory "C:/mingw64/lib/gcc/../../lib/gcc/x86_64-w64-mingw32/15.2.0/include/c++"
ignoring duplicate directory "C:/mingw64/lib/gcc/../../lib/gcc/x86_64-w64-mingw32/15.2.0/include/c++/x86_64-w64-mingw32"
ignoring duplicate directory "C:/mingw64/lib/gcc/../../lib/gcc/x86_64-w64-mingw32/15.2.0/include/c++/backward"
ignoring duplicate directory "C:/mingw64/lib/gcc/../../lib/gcc/x86_64-w64-mingw32/15.2.0/include"
ignoring nonexistent directory "C:/buildroot/x86_64-1520-mcf-seh-ucrt-rt_v13-rev0/mingw64D:/a/_temp/msys64/mingw64/lib/gcc/x86_64-w64-mingw32/15.2.0/../../../../include"
ignoring duplicate directory "C:/mingw64/lib/gcc/../../lib/gcc/x86_64-w64-mingw32/15.2.0/include-fixed"
ignoring duplicate directory "C:/mingw64/lib/gcc/../../lib/gcc/x86_64-w64-mingw32/15.2.0/../../../../x86_64-w64-mingw32/include"
ignoring nonexistent directory "C:/buildroot/x86_64-1520-mcf-seh-ucrt-rt_v13-rev0/mingw64/mingw/include"
#include "..." search starts here:
#include <...> search starts here:
 .
 sqlite3
 curl\include
 third_party\cmark-gfm\src
 scintilla_src\scintilla\include
 lexilla_src\lexilla\include
 C:/mingw64/bin/../lib/gcc/x86_64-w64-mingw32/15.2.0/include/c++
 C:/mingw64/bin/../lib/gcc/x86_64-w64-mingw32/15.2.0/include/c++/x86_64-w64-mingw32
 C:/mingw64/bin/../lib/gcc/x86_64-w64-mingw32/15.2.0/include/c++/backward
 C:/mingw64/bin/../lib/gcc/x86_64-w64-mingw32/15.2.0/include
 C:/mingw64/bin/../lib/gcc/x86_64-w64-mingw32/15.2.0/include-fixed
 C:/mingw64/bin/../lib/gcc/x86_64-w64-mingw32/15.2.0/../../../../x86_64-w64-mingw32/include
End of search list.
Compiler executable checksum: 61de8c4d747942bd598ac96411382eff
COLLECT_GCC_OPTIONS='-v' '-std=c++17' '-O2' '-Wall' '-mwindows' '-municode' '-I' '.' '-I' 'sqlite3' '-I' 'curl\include' '-I' 'third_party\cmark-gfm\src' '-D' 'CURL_STATICLIB' '-I' 'scintilla_src\scintilla\include' '-I' 'lexilla_src\lexilla\include' '-Lscintilla_src\scintilla\bin' '-Llexilla_src\lexilla\bin' '-Lcurl\lib' '-static' '-static-libgcc' '-o' 'NSBEdit.exe' '-mtune=core2' '-march=nocona' '-dumpdir' 'NSBEdit-'
 C:/mingw64/bin/../lib/gcc/x86_64-w64-mingw32/15.2.0/../../../../x86_64-w64-mingw32/bin/as.exe -v -I . -I sqlite3 -I curl\include -I third_party\cmark-gfm\src -I scintilla_src\scintilla\include -I lexilla_src\lexilla\include -o C:\Users\NALLEB~1\AppData\Local\Temp\ccqFBq9o.o C:\Users\NALLEB~1\AppData\Local\Temp\ccz7LBkX.s
GNU assembler version 2.45 (x86_64-w64-mingw32) using BFD version (GNU Binutils) 2.45
COLLECT_GCC_OPTIONS='-v' '-std=c++17' '-O2' '-Wall' '-mwindows' '-municode' '-I' '.' '-I' 'sqlite3' '-I' 'curl\include' '-I' 'third_party\cmark-gfm\src' '-D' 'CURL_STATICLIB' '-I' 'scintilla_src\scintilla\include' '-I' 'lexilla_src\lexilla\include' '-Lscintilla_src\scintilla\bin' '-Llexilla_src\lexilla\bin' '-Lcurl\lib' '-static' '-static-libgcc' '-o' 'NSBEdit.exe' '-mtune=core2' '-march=nocona' '-dumpdir' 'NSBEdit-'
 C:/mingw64/bin/../libexec/gcc/x86_64-w64-mingw32/15.2.0/cc1plus.exe -quiet -v -I . -I sqlite3 -I curl\include -I third_party\cmark-gfm\src -I scintilla_src\scintilla\include -I lexilla_src\lexilla\include -iprefix C:/mingw64/bin/../lib/gcc/x86_64-w64-mingw32/15.2.0/ -DUNICODE -U_REENTRANT -D CURL_STATICLIB rtf2html\ne_rtf2html_lib.cpp -quiet -dumpdir NSBEdit- -dumpbase ne_rtf2html_lib.cpp -dumpbase-ext .cpp -mwindows -municode -mtune=core2 -march=nocona -O2 -Wall -std=c++17 -version -o C:\Users\NALLEB~1\AppData\Local\Temp\ccz7LBkX.s
GNU C++17 (x86_64-mcf-seh-rev0, Built by MinGW-Builds project) version 15.2.0 (x86_64-w64-mingw32)
	compiled by GNU C version 15.2.0, GMP version 6.2.1, MPFR version 4.1.0, MPC version 1.2.1, isl version isl-0.27-GMP

GGC heuristics: --param ggc-min-expand=100 --param ggc-min-heapsize=131072
ignoring duplicate directory "C:/mingw64/lib/gcc/../../lib/gcc/x86_64-w64-mingw32/15.2.0/include/c++"
ignoring duplicate directory "C:/mingw64/lib/gcc/../../lib/gcc/x86_64-w64-mingw32/15.2.0/include/c++/x86_64-w64-mingw32"
ignoring duplicate directory "C:/mingw64/lib/gcc/../../lib/gcc/x86_64-w64-mingw32/15.2.0/include/c++/backward"
ignoring duplicate directory "C:/mingw64/lib/gcc/../../lib/gcc/x86_64-w64-mingw32/15.2.0/include"
ignoring nonexistent directory "C:/buildroot/x86_64-1520-mcf-seh-ucrt-rt_v13-rev0/mingw64D:/a/_temp/msys64/mingw64/lib/gcc/x86_64-w64-mingw32/15.2.0/../../../../include"
ignoring duplicate directory "C:/mingw64/lib/gcc/../../lib/gcc/x86_64-w64-mingw32/15.2.0/include-fixed"
ignoring duplicate directory "C:/mingw64/lib/gcc/../../lib/gcc/x86_64-w64-mingw32/15.2.0/../../../../x86_64-w64-mingw32/include"
ignoring nonexistent directory "C:/buildroot/x86_64-1520-mcf-seh-ucrt-rt_v13-rev0/mingw64/mingw/include"
#include "..." search starts here:
#include <...> search starts here:
 .
 sqlite3
 curl\include
 third_party\cmark-gfm\src
 scintilla_src\scintilla\include
 lexilla_src\lexilla\include
 C:/mingw64/bin/../lib/gcc/x86_64-w64-mingw32/15.2.0/include/c++
 C:/mingw64/bin/../lib/gcc/x86_64-w64-mingw32/15.2.0/include/c++/x86_64-w64-mingw32
 C:/mingw64/bin/../lib/gcc/x86_64-w64-mingw32/15.2.0/include/c++/backward
 C:/mingw64/bin/../lib/gcc/x86_64-w64-mingw32/15.2.0/include
 C:/mingw64/bin/../lib/gcc/x86_64-w64-mingw32/15.2.0/include-fixed
 C:/mingw64/bin/../lib/gcc/x86_64-w64-mingw32/15.2.0/../../../../x86_64-w64-mingw32/include
End of search list.
Compiler executable checksum: 61de8c4d747942bd598ac96411382eff
COLLECT_GCC_OPTIONS='-v' '-std=c++17' '-O2' '-Wall' '-mwindows' '-municode' '-I' '.' '-I' 'sqlite3' '-I' 'curl\include' '-I' 'third_party\cmark-gfm\src' '-D' 'CURL_STATICLIB' '-I' 'scintilla_src\scintilla\include' '-I' 'lexilla_src\lexilla\include' '-Lscintilla_src\scintilla\bin' '-Llexilla_src\lexilla\bin' '-Lcurl\lib' '-static' '-static-libgcc' '-o' 'NSBEdit.exe' '-mtune=core2' '-march=nocona' '-dumpdir' 'NSBEdit-'
 C:/mingw64/bin/../lib/gcc/x86_64-w64-mingw32/15.2.0/../../../../x86_64-w64-mingw32/bin/as.exe -v -I . -I sqlite3 -I curl\include -I third_party\cmark-gfm\src -I scintilla_src\scintilla\include -I lexilla_src\lexilla\include -o C:\Users\NALLEB~1\AppData\Local\Temp\ccnntt6p.o C:\Users\NALLEB~1\AppData\Local\Temp\ccz7LBkX.s
GNU assembler version 2.45 (x86_64-w64-mingw32) using BFD version (GNU Binutils) 2.45
COMPILER_PATH=C:/mingw64/bin/../libexec/gcc/x86_64-w64-mingw32/15.2.0/;C:/mingw64/bin/../libexec/gcc/;C:/mingw64/bin/../lib/gcc/x86_64-w64-mingw32/15.2.0/../../../../x86_64-w64-mingw32/bin/
LIBRARY_PATH=C:/mingw64/bin/../lib/gcc/x86_64-w64-mingw32/15.2.0/;C:/mingw64/bin/../lib/gcc/;C:/mingw64/bin/../lib/gcc/x86_64-w64-mingw32/15.2.0/../../../../x86_64-w64-mingw32/lib/../lib/;C:/mingw64/bin/../lib/gcc/x86_64-w64-mingw32/15.2.0/../../../../lib/;C:/mingw64/bin/../lib/gcc/x86_64-w64-mingw32/15.2.0/../../../../x86_64-w64-mingw32/lib/;C:/mingw64/bin/../lib/gcc/x86_64-w64-mingw32/15.2.0/../../../
COLLECT_GCC_OPTIONS='-v' '-std=c++17' '-O2' '-Wall' '-mwindows' '-municode' '-I' '.' '-I' 'sqlite3' '-I' 'curl\include' '-I' 'third_party\cmark-gfm\src' '-D' 'CURL_STATICLIB' '-I' 'scintilla_src\scintilla\include' '-I' 'lexilla_src\lexilla\include' '-Lscintilla_src\scintilla\bin' '-Llexilla_src\lexilla\bin' '-Lcurl\lib' '-static' '-static-libgcc' '-o' 'NSBEdit.exe' '-mtune=core2' '-march=nocona' '-dumpdir' 'NSBEdit.'
 C:/mingw64/bin/../libexec/gcc/x86_64-w64-mingw32/15.2.0/collect2.exe -plugin C:/mingw64/bin/../libexec/gcc/x86_64-w64-mingw32/15.2.0/liblto_plugin.dll -plugin-opt=C:/mingw64/bin/../libexec/gcc/x86_64-w64-mingw32/15.2.0/lto-wrapper.exe -plugin-opt=-fresolution=C:\Users\NALLEB~1\AppData\Local\Temp\ccyInNBs.res -plugin-opt=-pass-through=-lmingw32 -plugin-opt=-pass-through=-lgcc -plugin-opt=-pass-through=-lgcc_eh -plugin-opt=-pass-through=-lmingwex -plugin-opt=-pass-through=-lmsvcrt -plugin-opt=-pass-through=-lkernel32 -plugin-opt=-pass-through=-lmcfgthread -plugin-opt=-pass-through=-lkernel32 -plugin-opt=-pass-through=-lntdll -plugin-opt=-pass-through=-lgdi32 -plugin-opt=-pass-through=-lcomdlg32 -plugin-opt=-pass-through=-ladvapi32 -plugin-opt=-pass-through=-lshell32 -plugin-opt=-pass-through=-luser32 -plugin-opt=-pass-through=-lkernel32 -plugin-opt=-pass-through=-liconv -plugin-opt=-pass-through=-lmingw32 -plugin-opt=-pass-through=-lgcc -plugin-opt=-pass-through=-lgcc_eh -plugin-opt=-pass-through=-lmingwex -plugin-opt=-pass-through=-lmsvcrt -plugin-opt=-pass-through=-lkernel32 -plugin-opt=-pass-through=-lmcfgthread -plugin-opt=-pass-through=-lkernel32 -plugin-opt=-pass-through=-lntdll --sysroot=C:/buildroot/x86_64-1520-mcf-seh-ucrt-rt_v13-rev0/mingw64 -m i386pep --subsystem windows -Bstatic -o NSBEdit.exe C:/mingw64/bin/../lib/gcc/x86_64-w64-mingw32/15.2.0/../../../../x86_64-w64-mingw32/lib/../lib/crt2u.o C:/mingw64/bin/../lib/gcc/x86_64-w64-mingw32/15.2.0/crtbegin.o -Lscintilla_src\scintilla\bin -Llexilla_src\lexilla\bin -Lcurl\lib -LC:/mingw64/bin/../lib/gcc/x86_64-w64-mingw32/15.2.0 -LC:/mingw64/bin/../lib/gcc -LC:/mingw64/bin/../lib/gcc/x86_64-w64-mingw32/15.2.0/../../../../x86_64-w64-mingw32/lib/../lib -LC:/mingw64/bin/../lib/gcc/x86_64-w64-mingw32/15.2.0/../../../../lib -LC:/mingw64/bin/../lib/gcc/x86_64-w64-mingw32/15.2.0/../../../../x86_64-w64-mingw32/lib -LC:/mingw64/bin/../lib/gcc/x86_64-w64-mingw32/15.2.0/../../.. C:\Users\NALLEB~1\AppData\Local\Temp\cckwCmYD.o C:\Users\NALLEB~1\AppData\Local\Temp\ccH5EnXN.o C:\Users\NALLEB~1\AppData\Local\Temp\cc8Jv3E8.o C:\Users\NALLEB~1\AppData\Local\Temp\cc4BzWVn.o C:\Users\NALLEB~1\AppData\Local\Temp\ccU1S3Ql.o C:\Users\NALLEB~1\AppData\Local\Temp\ccm8m8LK.o C:\Users\NALLEB~1\AppData\Local\Temp\ccVtpzjp.o C:\Users\NALLEB~1\AppData\Local\Temp\ccxAfMQo.o C:\Users\NALLEB~1\AppData\Local\Temp\ccLBhPcW.o C:\Users\NALLEB~1\AppData\Local\Temp\cce2CHSZ.o C:\Users\NALLEB~1\AppData\Local\Temp\ccxo39XR.o C:\Users\NALLEB~1\AppData\Local\Temp\cclSyYBh.o C:\Users\NALLEB~1\AppData\Local\Temp\cciQ2ggu.o C:\Users\NALLEB~1\AppData\Local\Temp\ccE8e4bb.o C:\Users\NALLEB~1\AppData\Local\Temp\ccl6J6Ql.o C:\Users\NALLEB~1\AppData\Local\Temp\ccYwRi7P.o C:\Users\NALLEB~1\AppData\Local\Temp\ccwwwkfH.o C:\Users\NALLEB~1\AppData\Local\Temp\ccKuyhgK.o C:\Users\NALLEB~1\AppData\Local\Temp\ccnZ2Nah.o C:\Users\NALLEB~1\AppData\Local\Temp\ccqFBq9o.o C:\Users\NALLEB~1\AppData\Local\Temp\ccnntt6p.o third_party\cmark-gfm\src\arena.o third_party\cmark-gfm\src\blocks.o third_party\cmark-gfm\src\buffer.o third_party\cmark-gfm\src\cmark.o third_party\cmark-gfm\src\cmark_ctype.o third_party\cmark-gfm\src\commonmark.o third_party\cmark-gfm\src\footnotes.o third_party\cmark-gfm\src\html.o third_party\cmark-gfm\src\houdini_href_e.o third_party\cmark-gfm\src\houdini_html_e.o third_party\cmark-gfm\src\houdini_html_u.o third_party\cmark-gfm\src\inlines.o third_party\cmark-gfm\src\iterator.o third_party\cmark-gfm\src\latex.o third_party\cmark-gfm\src\linked_list.o third_party\cmark-gfm\src\man.o third_party\cmark-gfm\src\map.o third_party\cmark-gfm\src\node.o third_party\cmark-gfm\src\plaintext.o third_party\cmark-gfm\src\plugin.o third_party\cmark-gfm\src\references.o third_party\cmark-gfm\src\registry.o third_party\cmark-gfm\src\render.o third_party\cmark-gfm\src\scanners.o third_party\cmark-gfm\src\syntax_extension.o third_party\cmark-gfm\src\utf8.o third_party\cmark-gfm\src\xml.o sqlite3\sqlite3.o curl\lib\quic_stubs.o NSBEdit.res -lcomctl32 -lcomdlg32 -lshell32 -lole32 -luuid -luser32 -lgdi32 -lgdiplus -lwinspool -lmsimg32 -ldwmapi -luxtheme -lscintilla -llexilla -limm32 -loleaut32 -ladvapi32 -lole32 -luuid -lcurl -lssh2 -lssl -lcrypto -lz -lnghttp2 -lbrotlidec -lbrotlicommon -lpsl -lzstd -lws2_32 -lcrypt32 -lbcrypt -lwinhttp -lwldap32 -lsecur32 -liphlpapi -lntdll -lstdc++ -lmingw32 -lgcc -lgcc_eh -lmingwex -lmsvcrt -lkernel32 -lmcfgthread -lkernel32 -lntdll -lgdi32 -lcomdlg32 -ladvapi32 -lshell32 -luser32 -lkernel32 -liconv -lmingw32 -lgcc -lgcc_eh -lmingwex -lmsvcrt -lkernel32 -lmcfgthread -lkernel32 -lntdll C:/mingw64/bin/../lib/gcc/x86_64-w64-mingw32/15.2.0/crtend.o
COLLECT_GCC_OPTIONS='-v' '-std=c++17' '-O2' '-Wall' '-mwindows' '-municode' '-I' '.' '-I' 'sqlite3' '-I' 'curl\include' '-I' 'third_party\cmark-gfm\src' '-D' 'CURL_STATICLIB' '-I' 'scintilla_src\scintilla\include' '-I' 'lexilla_src\lexilla\include' '-Lscintilla_src\scintilla\bin' '-Llexilla_src\lexilla\bin' '-Lcurl\lib' '-static' '-static-libgcc' '-o' 'NSBEdit.exe' '-mtune=core2' '-march=nocona' '-dumpdir' 'NSBEdit.'
[STEP_DONE 6/6]

[STEP 6/6] Package  --  zip release  +  prune to 3 zips
Packaging NSBEdit v2026.06.28.11...
  + NSBEdit.exe
  + ollama.png
  + Changelog.html
  + GPLv2.md
  + Install.bat
  + _doinstall.ps1
  + Uninstall.ps1
  + curl\lib\*.a
  + version.txt  (2026.06.28.11)

  Done: NSBEdit_v2026.06.28.11_20260628-11-08-50.zip  (8.92 MB)

  kept: NSBEdit_v2026.06.28.11_20260628-11-08-50.zip
  kept: NSBEdit_v2026.06.26.09_20260628-10-58-15.zip
  kept: NSBEdit_v2026.06.26.09_20260628-10-53-33.zip
[STEP_DONE 6/6]

[BUILD_TIME: 1 m, 35.1 s]
============================================================
  BUILD SUCCEEDED  --  NSBEdit.exe + zip updated
============================================================
